date, EURGBP
03/01/2000,1.5975
04/01/2000,1.58875
05/01/2000,1.59145
06/01/2000,1.5947
07/01/2000,1.59225
10/01/2000,1.5967
11/01/2000,1.59385
12/01/2000,1.5967
13/01/2000,1.6051
14/01/2000,1.6117
17/01/2000,1.6136
18/01/2000,1.6157
19/01/2000,1.6232
20/01/2000,1.6263
21/01/2000,1.6328
24/01/2000,1.6412
25/01/2000,1.6432
26/01/2000,1.637
27/01/2000,1.6593
28/01/2000,1.6624
31/01/2000,1.66505
01/02/2000,1.66315
02/02/2000,1.6453
03/02/2000,1.6128
04/02/2000,1.6281
07/02/2000,1.62815
08/02/2000,1.63475
09/02/2000,1.62625
10/02/2000,1.6333
11/02/2000,1.61485
14/02/2000,1.6251
15/02/2000,1.6265
16/02/2000,1.62995
17/02/2000,1.6287
18/02/2000,1.6274
21/02/2000,1.61985
22/02/2000,1.6062
23/02/2000,1.5981
24/02/2000,1.6129
25/02/2000,1.6353
28/02/2000,1.6439
29/02/2000,1.63765
01/03/2000,1.6286
02/03/2000,1.63265
03/03/2000,1.644
06/03/2000,1.64265
07/03/2000,1.64905
08/03/2000,1.64595
09/03/2000,1.63675
10/03/2000,1.6358
13/03/2000,1.6386
14/03/2000,1.62895
15/03/2000,1.62745
16/03/2000,1.62495
17/03/2000,1.61975
20/03/2000,1.61275
21/03/2000,1.63505
22/03/2000,1.64355
23/03/2000,1.633
24/03/2000,1.6302
27/03/2000,1.6417
28/03/2000,1.65355
29/03/2000,1.67465
30/03/2000,1.66115
31/03/2000,1.667
03/04/2000,1.6713
04/04/2000,1.65985
05/04/2000,1.64185
06/04/2000,1.65025
07/04/2000,1.6537
10/04/2000,1.64695
11/04/2000,1.65325
12/04/2000,1.65645
13/04/2000,1.66555
14/04/2000,1.64855
17/04/2000,1.65325
18/04/2000,1.6682
19/04/2000,1.68255
20/04/2000,1.6856
25/04/2000,1.7169
26/04/2000,1.7065
27/04/2000,1.72775
28/04/2000,1.7009
01/05/2000,1.7081
02/05/2000,1.72055
03/05/2000,1.74475
04/05/2000,1.73235
05/05/2000,1.70595
08/05/2000,1.7077
09/05/2000,1.68725
10/05/2000,1.6675
11/05/2000,1.6676
12/05/2000,1.6528
15/05/2000,1.6521
16/05/2000,1.6583
17/05/2000,1.6711
18/05/2000,1.6583
19/05/2000,1.65705
22/05/2000,1.6533
23/05/2000,1.628
24/05/2000,1.6317
25/05/2000,1.61275
26/05/2000,1.59965
29/05/2000,1.61075
30/05/2000,1.61005
31/05/2000,1.60095
01/06/2000,1.6047
02/06/2000,1.59535
05/06/2000,1.59895
06/06/2000,1.60135
07/06/2000,1.58195
08/06/2000,1.58015
09/06/2000,1.58295
12/06/2000,1.58705
13/06/2000,1.57005
14/06/2000,1.56585
15/06/2000,1.5842
16/06/2000,1.57125
19/06/2000,1.5801
20/06/2000,1.59055
21/06/2000,1.58675
22/06/2000,1.61695
23/06/2000,1.604
26/06/2000,1.5978
27/06/2000,1.59305
28/06/2000,1.60905
29/06/2000,1.59545
30/06/2000,1.58955
03/07/2000,1.59295
04/07/2000,1.59285
05/07/2000,1.58255
06/07/2000,1.58565
07/07/2000,1.59635
10/07/2000,1.58325
11/07/2000,1.59285
12/07/2000,1.59845
13/07/2000,1.60425
14/07/2000,1.59885
17/07/2000,1.59615
18/07/2000,1.60375
19/07/2000,1.62045
20/07/2000,1.62015
21/07/2000,1.61945
24/07/2000,1.62325
25/07/2000,1.6159
26/07/2000,1.60735
27/07/2000,1.6254
28/07/2000,1.628
31/07/2000,1.6184
01/08/2000,1.6317
02/08/2000,1.63545
03/08/2000,1.6529
04/08/2000,1.657
07/08/2000,1.6685
08/08/2000,1.6674
09/08/2000,1.66775
10/08/2000,1.6486
11/08/2000,1.66265
14/08/2000,1.6619
15/08/2000,1.6468
16/08/2000,1.6377
17/08/2000,1.63495
18/08/2000,1.6433
21/08/2000,1.6491
22/08/2000,1.6529
23/08/2000,1.6494
24/08/2000,1.6406
25/08/2000,1.62885
28/08/2000,1.6321
29/08/2000,1.63225
30/08/2000,1.63285
31/08/2000,1.62975
01/09/2000,1.62775
04/09/2000,1.62475
05/09/2000,1.6358
06/09/2000,1.65085
07/09/2000,1.65045
08/09/2000,1.63205
11/09/2000,1.63575
12/09/2000,1.62765
13/09/2000,1.64015
14/09/2000,1.62815
15/09/2000,1.63605
18/09/2000,1.64675
19/09/2000,1.656
20/09/2000,1.66175
21/09/2000,1.6714
22/09/2000,1.65835
25/09/2000,1.66075
26/09/2000,1.658
27/09/2000,1.658
28/09/2000,1.65895
29/09/2000,1.67045
02/10/2000,1.6673
03/10/2000,1.66685
04/10/2000,1.66815
05/10/2000,1.66115
06/10/2000,1.66455
09/10/2000,1.66845
10/10/2000,1.6686
11/10/2000,1.68475
12/10/2000,1.7052
13/10/2000,1.6966
16/10/2000,1.7039
17/10/2000,1.6974
18/10/2000,1.7216
19/10/2000,1.7158
20/10/2000,1.723
23/10/2000,1.7385
24/10/2000,1.73515
25/10/2000,1.73225
26/10/2000,1.73125
27/10/2000,1.73305
30/10/2000,1.7258
31/10/2000,1.706
01/11/2000,1.685
02/11/2000,1.6835
03/11/2000,1.67065
06/11/2000,1.65505
07/11/2000,1.66865
08/11/2000,1.6641
09/11/2000,1.65265
10/11/2000,1.65925
13/11/2000,1.6776
14/11/2000,1.66685
15/11/2000,1.66485
16/11/2000,1.66885
17/11/2000,1.67785
20/11/2000,1.6718
21/11/2000,1.682
22/11/2000,1.6648
23/11/2000,1.6678
24/11/2000,1.6697
27/11/2000,1.66495
28/11/2000,1.65525
29/11/2000,1.6605
30/11/2000,1.63295
01/12/2000,1.64925
04/12/2000,1.6356
05/12/2000,1.62695
06/12/2000,1.6182
07/12/2000,1.62335
08/12/2000,1.63245
11/12/2000,1.65915
12/12/2000,1.64625
13/12/2000,1.6603
14/12/2000,1.65095
15/12/2000,1.6493
18/12/2000,1.649
19/12/2000,1.64115
20/12/2000,1.6226
21/12/2000,1.6089
22/12/2000,1.60245
25/12/2000,1.5922
26/12/2000,1.59445
27/12/2000,1.60715
28/12/2000,1.60615
29/12/2000,1.58755
02/01/2001,1.58045
03/01/2001,1.60555
04/01/2001,1.57995
05/01/2001,1.56985
08/01/2001,1.57985
09/01/2001,1.57675
10/01/2001,1.58765
11/01/2001,1.57405
12/01/2001,1.55275
15/01/2001,1.56785
16/01/2001,1.56245
17/01/2001,1.57435
18/01/2001,1.56185
19/01/2001,1.56615
22/01/2001,1.56085
23/01/2001,1.56905
24/01/2001,1.5687
25/01/2001,1.5792
26/01/2001,1.58055
29/01/2001,1.5913
30/01/2001,1.57905
31/01/2001,1.5598
01/02/2001,1.56845
02/02/2001,1.57105
05/02/2001,1.57215
06/02/2001,1.56855
07/02/2001,1.56415
08/02/2001,1.5743
09/02/2001,1.56165
12/02/2001,1.55955
13/02/2001,1.5791
14/02/2001,1.58535
15/02/2001,1.6015
16/02/2001,1.5843
19/02/2001,1.5693
20/02/2001,1.5864
21/02/2001,1.5863
22/02/2001,1.601
23/02/2001,1.58545
26/02/2001,1.587
27/02/2001,1.57165
28/02/2001,1.56435
01/03/2001,1.56515
02/03/2001,1.57535
05/03/2001,1.57895
06/03/2001,1.57005
07/03/2001,1.57145
08/03/2001,1.57595
09/03/2001,1.5743
12/03/2001,1.5789
13/03/2001,1.58415
14/03/2001,1.5861
15/03/2001,1.6002
16/03/2001,1.5952
19/03/2001,1.5849
20/03/2001,1.5773
21/03/2001,1.59665
22/03/2001,1.59865
23/03/2001,1.6017
26/03/2001,1.6019
27/03/2001,1.60425
28/03/2001,1.62255
29/03/2001,1.61555
30/03/2001,1.61295
02/04/2001,1.61155
03/04/2001,1.5963
04/04/2001,1.59
05/04/2001,1.5921
06/04/2001,1.5923
09/04/2001,1.61035
10/04/2001,1.6111
11/04/2001,1.6171
12/04/2001,1.6138
13/04/2001,1.61635
16/04/2001,1.61695
17/04/2001,1.6212
18/04/2001,1.6171
19/04/2001,1.6119
20/04/2001,1.5983
23/04/2001,1.6019
24/04/2001,1.6042
25/04/2001,1.606
26/04/2001,1.59495
27/04/2001,1.6084
30/04/2001,1.61345
01/05/2001,1.6063
02/05/2001,1.60265
03/05/2001,1.6137
04/05/2001,1.6115
07/05/2001,1.6154
08/05/2001,1.61155
09/05/2001,1.6049
10/05/2001,1.6133
11/05/2001,1.62135
14/05/2001,1.6242
15/05/2001,1.62155
16/05/2001,1.6197
17/05/2001,1.62305
18/05/2001,1.63605
21/05/2001,1.64185
22/05/2001,1.65065
23/05/2001,1.657
24/05/2001,1.64445
25/05/2001,1.65265
28/05/2001,1.65185
29/05/2001,1.66305
30/05/2001,1.66485
31/05/2001,1.6776
01/06/2001,1.67725
04/06/2001,1.6713
05/06/2001,1.65415
06/06/2001,1.64175
07/06/2001,1.6381
08/06/2001,1.62185
11/06/2001,1.6275
12/06/2001,1.60935
13/06/2001,1.62815
14/06/2001,1.62505
15/06/2001,1.631
18/06/2001,1.63265
19/06/2001,1.6413
20/06/2001,1.63335
21/06/2001,1.65665
22/06/2001,1.64845
25/06/2001,1.64485
26/06/2001,1.63855
27/06/2001,1.64755
28/06/2001,1.6704
29/06/2001,1.6673
02/07/2001,1.6727
03/07/2001,1.65955
04/07/2001,1.6625
05/07/2001,1.6777
06/07/2001,1.66475
09/07/2001,1.65715
10/07/2001,1.65075
11/07/2001,1.63885
12/07/2001,1.649
13/07/2001,1.6426
16/07/2001,1.6414
17/07/2001,1.63065
18/07/2001,1.62655
19/07/2001,1.64
20/07/2001,1.63915
23/07/2001,1.63465
24/07/2001,1.6273
25/07/2001,1.62195
26/07/2001,1.62595
27/07/2001,1.622
30/07/2001,1.631
31/07/2001,1.62605
01/08/2001,1.62735
02/08/2001,1.6201
03/08/2001,1.61605
06/08/2001,1.6083
07/08/2001,1.6139
08/08/2001,1.61015
09/08/2001,1.59805
10/08/2001,1.5938
13/08/2001,1.585
14/08/2001,1.5819
15/08/2001,1.5751
16/08/2001,1.5847
17/08/2001,1.57475
20/08/2001,1.5796
21/08/2001,1.5844
22/08/2001,1.5847
23/08/2001,1.5819
24/08/2001,1.5802
27/08/2001,1.58345
28/08/2001,1.5928
29/08/2001,1.5956
30/08/2001,1.591
31/08/2001,1.5931
03/09/2001,1.60275
04/09/2001,1.62655
05/09/2001,1.6464
06/09/2001,1.6257
07/09/2001,1.61085
10/09/2001,1.6227
11/09/2001,1.61455
12/09/2001,1.6182
13/09/2001,1.61395
14/09/2001,1.59975
17/09/2001,1.58525
18/09/2001,1.58265
19/09/2001,1.58305
20/09/2001,1.58165
21/09/2001,1.5912
24/09/2001,1.5965
25/09/2001,1.59435
26/09/2001,1.59875
27/09/2001,1.606
28/09/2001,1.6182
01/10/2001,1.6122
02/10/2001,1.59895
03/10/2001,1.6142
04/10/2001,1.60765
05/10/2001,1.6169
08/10/2001,1.6006
09/10/2001,1.5967
10/10/2001,1.5935
11/10/2001,1.6008
12/10/2001,1.5943
15/10/2001,1.5939
16/10/2001,1.5953
17/10/2001,1.602
18/10/2001,1.5978
19/10/2001,1.5956
22/10/2001,1.59745
23/10/2001,1.6019
24/10/2001,1.5987
25/10/2001,1.599
26/10/2001,1.6092
29/10/2001,1.6072
30/10/2001,1.6047
31/10/2001,1.6161
01/11/2001,1.6215
02/11/2001,1.6203
05/11/2001,1.6241
06/11/2001,1.6291
07/11/2001,1.6309
08/11/2001,1.6289
09/11/2001,1.62925
12/11/2001,1.6276
13/11/2001,1.6365
14/11/2001,1.6337
15/11/2001,1.62365
16/11/2001,1.61405
19/11/2001,1.6071
20/11/2001,1.60795
21/11/2001,1.61245
22/11/2001,1.60775
23/11/2001,1.60585
26/11/2001,1.604
27/11/2001,1.6018
28/11/2001,1.60645
29/11/2001,1.60745
30/11/2001,1.5889
03/12/2001,1.5982
04/12/2001,1.599
05/12/2001,1.5943
06/12/2001,1.5967
07/12/2001,1.6102
10/12/2001,1.61135
11/12/2001,1.612
12/12/2001,1.6101
13/12/2001,1.6128
14/12/2001,1.6067
17/12/2001,1.6173
18/12/2001,1.6134
19/12/2001,1.6109
20/12/2001,1.6102
21/12/2001,1.62
24/12/2001,1.64505
25/12/2001,1.64045
26/12/2001,1.65025
27/12/2001,1.64435
28/12/2001,1.6393
31/12/2001,1.63305
02/01/2002,1.6015
03/01/2002,1.6004
04/01/2002,1.6166
07/01/2002,1.6123
08/01/2002,1.6109
09/01/2002,1.6128
10/01/2002,1.6146
11/01/2002,1.6231
14/01/2002,1.62015
15/01/2002,1.6322
16/01/2002,1.62905
17/01/2002,1.62945
18/01/2002,1.6261
21/01/2002,1.6245
22/01/2002,1.6125
23/01/2002,1.6221
24/01/2002,1.62495
25/01/2002,1.62865
28/01/2002,1.63505
29/01/2002,1.63325
30/01/2002,1.64315
31/01/2002,1.64395
01/02/2002,1.64415
04/02/2002,1.63555
05/02/2002,1.6322
06/02/2002,1.62695
07/02/2002,1.62385
08/02/2002,1.62025
11/02/2002,1.62235
12/02/2002,1.6343
13/02/2002,1.63945
14/02/2002,1.63755
15/02/2002,1.6389
18/02/2002,1.6408
19/02/2002,1.6335
20/02/2002,1.64175
21/02/2002,1.63875
22/02/2002,1.63595
25/02/2002,1.63985
26/02/2002,1.64035
27/02/2002,1.63955
28/02/2002,1.62975
01/03/2002,1.63855
04/03/2002,1.63675
05/03/2002,1.63445
06/03/2002,1.62295
07/03/2002,1.61955
08/03/2002,1.6263
11/03/2002,1.62275
12/03/2002,1.616
13/03/2002,1.61655
14/03/2002,1.6098
15/03/2002,1.6148
18/03/2002,1.61645
19/03/2002,1.61425
20/03/2002,1.6134
21/03/2002,1.61715
22/03/2002,1.62535
25/03/2002,1.62585
26/03/2002,1.6259
27/03/2002,1.63295
28/03/2002,1.63725
29/03/2002,1.63545
01/04/2002,1.63605
02/04/2002,1.6337
03/04/2002,1.62975
04/04/2002,1.63475
05/04/2002,1.6305
08/04/2002,1.63575
09/04/2002,1.6312
10/04/2002,1.63115
11/04/2002,1.6292
12/04/2002,1.63455
15/04/2002,1.6352
16/04/2002,1.6317
17/04/2002,1.62325
18/04/2002,1.625
19/04/2002,1.6237
22/04/2002,1.63135
23/04/2002,1.6286
24/04/2002,1.6231
25/04/2002,1.6214
26/04/2002,1.616
29/04/2002,1.6149
30/04/2002,1.6196
01/05/2002,1.61545
02/05/2002,1.62
03/05/2002,1.601
06/05/2002,1.59985
07/05/2002,1.60365
08/05/2002,1.6101
09/05/2002,1.6054
10/05/2002,1.6018
13/05/2002,1.5979
14/05/2002,1.6066
15/05/2002,1.6006
16/05/2002,1.5972
17/05/2002,1.5838
20/05/2002,1.5836
21/05/2002,1.58695
22/05/2002,1.57595
23/05/2002,1.5792
24/05/2002,1.5829
27/05/2002,1.58225
28/05/2002,1.57095
29/05/2002,1.5627
30/05/2002,1.56365
31/05/2002,1.5591
03/06/2002,1.555
04/06/2002,1.55285
05/06/2002,1.5539
06/06/2002,1.54145
07/06/2002,1.54755
10/06/2002,1.54625
11/06/2002,1.55185
12/06/2002,1.55875
13/06/2002,1.56045
14/06/2002,1.56195
17/06/2002,1.56705
18/06/2002,1.5664
19/06/2002,1.5571
20/06/2002,1.55275
21/06/2002,1.54175
24/06/2002,1.5473
25/06/2002,1.5406
26/06/2002,1.5559
27/06/2002,1.5474
28/06/2002,1.5458
29/06/2002,1.54575
01/07/2002,1.5465
02/07/2002,1.5571
03/07/2002,1.55775
04/07/2002,1.55955
05/07/2002,1.56425
08/07/2002,1.55875
09/07/2002,1.559
10/07/2002,1.5655
11/07/2002,1.5718
12/07/2002,1.5672
15/07/2002,1.56375
16/07/2002,1.5574
17/07/2002,1.5596
18/07/2002,1.5557
19/07/2002,1.55955
22/07/2002,1.56605
23/07/2002,1.5808
24/07/2002,1.5798
25/07/2002,1.57695
26/07/2002,1.5858
29/07/2002,1.59365
30/07/2002,1.60085
31/07/2002,1.6001
01/08/2002,1.58585
02/08/2002,1.5909
05/08/2002,1.59265
06/08/2002,1.59135
07/08/2002,1.5791
08/08/2002,1.5831
09/08/2002,1.57105
12/08/2002,1.5646
13/08/2002,1.56245
14/08/2002,1.5684
15/08/2002,1.564
16/08/2002,1.5624
19/08/2002,1.56435
20/08/2002,1.5615
21/08/2002,1.56205
22/08/2002,1.57015
23/08/2002,1.5626
26/08/2002,1.566
27/08/2002,1.56045
28/08/2002,1.56715
29/08/2002,1.57275
30/08/2002,1.5785
02/09/2002,1.57485
03/09/2002,1.56935
04/09/2002,1.5762
05/09/2002,1.5782
06/09/2002,1.5885
09/09/2002,1.5893
10/09/2002,1.5947
11/09/2002,1.59195
12/09/2002,1.59015
13/09/2002,1.59645
16/09/2002,1.58975
17/09/2002,1.58195
18/09/2002,1.58485
19/09/2002,1.5773
20/09/2002,1.58265
23/09/2002,1.58555
24/09/2002,1.58835
25/09/2002,1.59475
26/09/2002,1.5954
27/09/2002,1.59095
30/09/2002,1.589
01/10/2002,1.5929
02/10/2002,1.5906
03/10/2002,1.5899
04/10/2002,1.5987
07/10/2002,1.5933
08/10/2002,1.58695
09/10/2002,1.58075
10/10/2002,1.5857
11/10/2002,1.58215
14/10/2002,1.57805
15/10/2002,1.58115
16/10/2002,1.58345
17/10/2002,1.5967
18/10/2002,1.5902
21/10/2002,1.5841
22/10/2002,1.5814
23/10/2002,1.58595
24/10/2002,1.58925
25/10/2002,1.5886
28/10/2002,1.58395
29/10/2002,1.58445
30/10/2002,1.58355
31/10/2002,1.57935
01/11/2002,1.57065
04/11/2002,1.5607
05/11/2002,1.563
06/11/2002,1.5585
07/11/2002,1.565
08/11/2002,1.5707
11/11/2002,1.57075
12/11/2002,1.5699
13/11/2002,1.57285
14/11/2002,1.57205
15/11/2002,1.5653
18/11/2002,1.5671
19/11/2002,1.57495
20/11/2002,1.5696
21/11/2002,1.5781
22/11/2002,1.5852
25/11/2002,1.57765
26/11/2002,1.56205
27/11/2002,1.5618
28/11/2002,1.56035
29/11/2002,1.5657
02/12/2002,1.5627
03/12/2002,1.57585
04/12/2002,1.56895
05/12/2002,1.56945
06/12/2002,1.5612
07/12/2002,1.56105
09/12/2002,1.5634
10/12/2002,1.55935
11/12/2002,1.56375
12/12/2002,1.5531
13/12/2002,1.5527
16/12/2002,1.55585
17/12/2002,1.5554
18/12/2002,1.5616
19/12/2002,1.5607
20/12/2002,1.56005
23/12/2002,1.55325
24/12/2002,1.54865
25/12/2002,1.5466
26/12/2002,1.5417
27/12/2002,1.5363
30/12/2002,1.52675
31/12/2002,1.53495
01/01/2003,1.53515
02/01/2003,1.53945
03/01/2003,1.54515
06/01/2003,1.5374
07/01/2003,1.541
08/01/2003,1.5365
09/01/2003,1.5325
10/01/2003,1.5199
13/01/2003,1.51845
14/01/2003,1.52075
15/01/2003,1.5202
16/01/2003,1.5172
17/01/2003,1.51185
20/01/2003,1.50585
21/01/2003,1.5078
22/01/2003,1.50945
23/01/2003,1.51
24/01/2003,1.5085
27/01/2003,1.5084
28/01/2003,1.51575
29/01/2003,1.51975
30/01/2003,1.5299
31/01/2003,1.5292
03/02/2003,1.52445
04/02/2003,1.51405
05/02/2003,1.5215
06/02/2003,1.51225
07/02/2003,1.50775
10/02/2003,1.5152
11/02/2003,1.50785
12/02/2003,1.5087
13/02/2003,1.49565
14/02/2003,1.4967
17/02/2003,1.48895
18/02/2003,1.4882
19/02/2003,1.48595
20/02/2003,1.47245
21/02/2003,1.4651
24/02/2003,1.4703
25/02/2003,1.46215
26/02/2003,1.469
27/02/2003,1.4691
28/02/2003,1.4557
03/03/2003,1.4495
04/03/2003,1.4523
05/03/2003,1.46125
06/03/2003,1.46145
07/03/2003,1.4562
10/03/2003,1.44815
11/03/2003,1.4557
12/03/2003,1.46655
13/03/2003,1.4845
14/03/2003,1.4727
17/03/2003,1.4776
18/03/2003,1.4721
19/03/2003,1.4797
20/03/2003,1.4762
21/03/2003,1.48445
24/03/2003,1.47995
25/03/2003,1.47595
26/03/2003,1.47205
27/03/2003,1.46335
28/03/2003,1.45965
31/03/2003,1.44915
01/04/2003,1.44645
02/04/2003,1.4556
03/04/2003,1.4614
04/04/2003,1.45445
07/04/2003,1.45355
08/04/2003,1.4515
09/04/2003,1.4509
10/04/2003,1.4577
11/04/2003,1.46
14/04/2003,1.46115
15/04/2003,1.4541
16/04/2003,1.44805
17/04/2003,1.44415
18/04/2003,1.444
21/04/2003,1.4383
22/04/2003,1.4382
23/04/2003,1.44695
24/04/2003,1.4443
25/04/2003,1.4419
28/04/2003,1.44625
29/04/2003,1.43865
30/04/2003,1.4303
01/05/2003,1.43375
02/05/2003,1.429
05/05/2003,1.42265
06/05/2003,1.4129
07/05/2003,1.4062
08/05/2003,1.39325
09/05/2003,1.3969
12/05/2003,1.39325
13/05/2003,1.3959
14/05/2003,1.40755
15/05/2003,1.4249
16/05/2003,1.3991
19/05/2003,1.40155
20/05/2003,1.40195
21/05/2003,1.4022
22/05/2003,1.398
23/05/2003,1.38175
24/05/2003,1.384
26/05/2003,1.3792
27/05/2003,1.38705
28/05/2003,1.3942
29/05/2003,1.3894
30/05/2003,1.3886
02/06/2003,1.39395
03/06/2003,1.3877
04/06/2003,1.4001
05/06/2003,1.4023
06/06/2003,1.42015
09/06/2003,1.40485
10/06/2003,1.41505
11/06/2003,1.41775
12/06/2003,1.418
13/06/2003,1.4102
16/06/2003,1.41795
17/06/2003,1.43005
18/06/2003,1.4357
19/06/2003,1.43225
20/06/2003,1.43315
23/06/2003,1.44345
24/06/2003,1.4455
25/06/2003,1.45035
26/06/2003,1.4541
27/06/2003,1.44295
30/06/2003,1.4384
01/07/2003,1.438
02/07/2003,1.44335
03/07/2003,1.45135
04/07/2003,1.45065
07/07/2003,1.45735
08/07/2003,1.44495
09/07/2003,1.44375
10/07/2003,1.4363
11/07/2003,1.44435
14/07/2003,1.43175
15/07/2003,1.4245
16/07/2003,1.42405
17/07/2003,1.4245
18/07/2003,1.4108
21/07/2003,1.40995
22/07/2003,1.4093
23/07/2003,1.3992
24/07/2003,1.40875
25/07/2003,1.4083
28/07/2003,1.4139
29/07/2003,1.41915
30/07/2003,1.4245
31/07/2003,1.4341
01/08/2003,1.42935
04/08/2003,1.41865
05/08/2003,1.4188
06/08/2003,1.4199
07/08/2003,1.42275
08/08/2003,1.41755
11/08/2003,1.41515
12/08/2003,1.42
13/08/2003,1.4201
14/08/2003,1.4223
15/08/2003,1.41745
18/08/2003,1.427
19/08/2003,1.4251
20/08/2003,1.43465
21/08/2003,1.44545
22/08/2003,1.448
25/08/2003,1.445
26/08/2003,1.44465
27/08/2003,1.4436
28/08/2003,1.44965
29/08/2003,1.4365
01/09/2003,1.4322
02/09/2003,1.44995
03/09/2003,1.4483
04/09/2003,1.4457
05/09/2003,1.4303
08/09/2003,1.43025
09/09/2003,1.4169
10/09/2003,1.42015
11/09/2003,1.42365
12/09/2003,1.41945
15/09/2003,1.4191
16/09/2003,1.42
17/09/2003,1.42625
18/09/2003,1.437
19/09/2003,1.43945
22/09/2003,1.4395
23/09/2003,1.44285
24/09/2003,1.44345
25/09/2003,1.44385
26/09/2003,1.4474
29/09/2003,1.437
30/09/2003,1.42565
01/10/2003,1.42415
02/10/2003,1.42835
03/10/2003,1.43685
06/10/2003,1.42575
07/10/2003,1.41345
08/10/2003,1.40745
09/10/2003,1.418
10/10/2003,1.41005
13/10/2003,1.4237
14/10/2003,1.42545
15/10/2003,1.4333
16/10/2003,1.44385
17/10/2003,1.43695
20/10/2003,1.4359
21/10/2003,1.4354
22/10/2003,1.4329
23/10/2003,1.43755
24/10/2003,1.4381
27/10/2003,1.4428
28/10/2003,1.45395
29/10/2003,1.4558
30/10/2003,1.4582
31/10/2003,1.46335
03/11/2003,1.4628
04/11/2003,1.4621
05/11/2003,1.46355
06/11/2003,1.46105
07/11/2003,1.4543
10/11/2003,1.45545
11/11/2003,1.4454
12/11/2003,1.439
13/11/2003,1.43785
14/11/2003,1.43315
17/11/2003,1.4401
18/11/2003,1.4235
19/11/2003,1.42905
20/11/2003,1.43105
21/11/2003,1.4304
24/11/2003,1.44155
25/11/2003,1.44065
26/11/2003,1.4341
27/11/2003,1.4392
28/11/2003,1.4356
01/12/2003,1.436
02/12/2003,1.4318
03/12/2003,1.42705
04/12/2003,1.42505
05/12/2003,1.42125
08/12/2003,1.41835
09/12/2003,1.42525
10/12/2003,1.42655
11/12/2003,1.428
12/12/2003,1.42145
15/12/2003,1.418
16/12/2003,1.42365
17/12/2003,1.42345
18/12/2003,1.42765
19/12/2003,1.4265
22/12/2003,1.42205
23/12/2003,1.42255
24/12/2003,1.4259
25/12/2003,1.4264
26/12/2003,1.42505
29/12/2003,1.4199
30/12/2003,1.4161
31/12/2003,1.4179
01/01/2004,1.42105
02/01/2004,1.42495
05/01/2004,1.42515
06/01/2004,1.4313
07/01/2004,1.43925
08/01/2004,1.43625
09/01/2004,1.44045
12/01/2004,1.44785
13/01/2004,1.4462
14/01/2004,1.44915
15/01/2004,1.449
16/01/2004,1.45085
19/01/2004,1.44405
20/01/2004,1.44725
21/01/2004,1.4491
22/01/2004,1.45015
23/01/2004,1.4514
26/01/2004,1.4561
27/01/2004,1.4455
28/01/2004,1.4585
29/01/2004,1.46365
30/01/2004,1.46145
02/02/2004,1.4644
03/02/2004,1.4662
04/02/2004,1.461
05/02/2004,1.46195
06/02/2004,1.45405
09/02/2004,1.4655
10/02/2004,1.4741
11/02/2004,1.47345
12/02/2004,1.4774
13/02/2004,1.4799
16/02/2004,1.4799
17/02/2004,1.4832
18/02/2004,1.4887
19/02/2004,1.4896
20/02/2004,1.48525
23/02/2004,1.4875
24/02/2004,1.49095
25/02/2004,1.4963
26/02/2004,1.4968
27/02/2004,1.4956
01/03/2004,1.50065
02/03/2004,1.5057
03/03/2004,1.49945
04/03/2004,1.49455
05/03/2004,1.4917
08/03/2004,1.4882
09/03/2004,1.4821
10/03/2004,1.47455
11/03/2004,1.46645
12/03/2004,1.4761
15/03/2004,1.47195
16/03/2004,1.47695
17/03/2004,1.4846
18/03/2004,1.4813
19/03/2004,1.4921
22/03/2004,1.49795
23/03/2004,1.4997
24/03/2004,1.50475
25/03/2004,1.4899
26/03/2004,1.49715
29/03/2004,1.4954
30/03/2004,1.50125
31/03/2004,1.4981
01/04/2004,1.5017
02/04/2004,1.5087
05/04/2004,1.5153
06/04/2004,1.5215
07/04/2004,1.51125
08/04/2004,1.5175
09/04/2004,1.5148
12/04/2004,1.52295
13/04/2004,1.5227
14/04/2004,1.4974
15/04/2004,1.49555
16/04/2004,1.49925
19/04/2004,1.5041
20/04/2004,1.50505
21/04/2004,1.49885
22/04/2004,1.49175
23/04/2004,1.49585
26/04/2004,1.50585
27/04/2004,1.5028
28/04/2004,1.49605
29/04/2004,1.4825
30/04/2004,1.4841
03/05/2004,1.48395
04/05/2004,1.48455
05/05/2004,1.4729
06/05/2004,1.48655
07/05/2004,1.5031
10/05/2004,1.49975
11/05/2004,1.4791
12/05/2004,1.4896
13/05/2004,1.49085
14/05/2004,1.4813
17/05/2004,1.4714
18/05/2004,1.47905
19/05/2004,1.48505
20/05/2004,1.48545
21/05/2004,1.49385
24/05/2004,1.49065
25/05/2004,1.4975
26/05/2004,1.49845
27/05/2004,1.49865
28/05/2004,1.4994
31/05/2004,1.5038
01/06/2004,1.5023
02/06/2004,1.502
03/06/2004,1.50515
04/06/2004,1.4985
07/06/2004,1.4945
08/06/2004,1.49635
09/06/2004,1.5191
10/06/2004,1.5224
11/06/2004,1.5151
14/06/2004,1.50285
15/06/2004,1.50685
16/06/2004,1.52155
17/06/2004,1.5229
18/06/2004,1.51455
21/06/2004,1.5119
22/06/2004,1.50355
23/06/2004,1.5019
24/06/2004,1.49955
25/06/2004,1.5001
28/06/2004,1.502
29/06/2004,1.49575
30/06/2004,1.492
01/07/2004,1.49645
02/07/2004,1.4869
05/07/2004,1.4889
06/07/2004,1.4994
07/07/2004,1.5002
08/07/2004,1.4932
09/07/2004,1.49765
12/07/2004,1.5008
13/07/2004,1.5065
14/07/2004,1.4992
15/07/2004,1.49965
16/07/2004,1.50375
19/07/2004,1.50125
20/07/2004,1.5026
21/07/2004,1.50195
22/07/2004,1.50425
23/07/2004,1.5149
26/07/2004,1.5162
27/07/2004,1.5108
28/07/2004,1.5138
29/07/2004,1.50845
30/07/2004,1.5136
02/08/2004,1.51945
03/08/2004,1.5145
04/08/2004,1.51495
05/08/2004,1.51245
06/08/2004,1.4995
09/08/2004,1.5009
10/08/2004,1.4931
11/08/2004,1.4977
12/08/2004,1.4874
13/08/2004,1.489
16/08/2004,1.48845
17/08/2004,1.4798
18/08/2004,1.4784
19/08/2004,1.4823
20/08/2004,1.4773
23/08/2004,1.48935
24/08/2004,1.48335
25/08/2004,1.4869
26/08/2004,1.48465
27/08/2004,1.4907
30/08/2004,1.4896
31/08/2004,1.4792
01/09/2004,1.47115
02/09/2004,1.47085
03/09/2004,1.4734
06/09/2004,1.47535
07/09/2004,1.46425
08/09/2004,1.466
09/09/2004,1.46245
10/09/2004,1.4652
13/09/2004,1.46495
14/09/2004,1.46705
15/09/2004,1.4624
16/09/2004,1.47185
17/09/2004,1.46825
20/09/2004,1.4679
21/09/2004,1.45635
22/09/2004,1.4619
23/09/2004,1.46385
24/09/2004,1.4709
27/09/2004,1.47155
28/09/2004,1.4707
29/09/2004,1.45945
30/09/2004,1.457
01/10/2004,1.44865
04/10/2004,1.4521
05/10/2004,1.448
06/10/2004,1.44805
07/10/2004,1.45075
08/10/2004,1.44665
11/10/2004,1.45145
12/10/2004,1.45345
13/10/2004,1.45305
14/10/2004,1.45085
15/10/2004,1.4469
18/10/2004,1.43925
19/10/2004,1.44145
20/10/2004,1.44405
21/10/2004,1.448
22/10/2004,1.44135
25/10/2004,1.43765
26/10/2004,1.4369
27/10/2004,1.43795
28/10/2004,1.43595
29/10/2004,1.43515
01/11/2004,1.4383
02/11/2004,1.4447
03/11/2004,1.44255
04/11/2004,1.4328
05/11/2004,1.43125
08/11/2004,1.43675
09/11/2004,1.44005
10/11/2004,1.4323
11/11/2004,1.4271
12/11/2004,1.4308
15/11/2004,1.4264
16/11/2004,1.43005
17/11/2004,1.42675
18/11/2004,1.4276
19/11/2004,1.42605
22/11/2004,1.42575
23/11/2004,1.42795
24/11/2004,1.4269
25/11/2004,1.42695
26/11/2004,1.4247
29/11/2004,1.4261
30/11/2004,1.43805
01/12/2004,1.44955
02/12/2004,1.45015
03/12/2004,1.44485
06/12/2004,1.44585
07/12/2004,1.4496
08/12/2004,1.4508
09/12/2004,1.4465
10/12/2004,1.4478
13/12/2004,1.4463
14/12/2004,1.4496
15/12/2004,1.4501
16/12/2004,1.4587
17/12/2004,1.45945
20/12/2004,1.45335
21/12/2004,1.44175
22/12/2004,1.4315
23/12/2004,1.42325
24/12/2004,1.4203
27/12/2004,1.4202
28/12/2004,1.4164
29/12/2004,1.41
30/12/2004,1.41195
31/12/2004,1.4149
03/01/2005,1.4143
04/01/2005,1.41755
05/01/2005,1.4198
06/01/2005,1.42375
07/01/2005,1.43345
10/01/2005,1.43435
11/01/2005,1.4329
12/01/2005,1.42635
13/01/2005,1.42345
14/01/2005,1.42695
17/01/2005,1.42305
18/01/2005,1.4336
19/01/2005,1.43815
20/01/2005,1.44415
21/01/2005,1.43955
24/01/2005,1.44005
25/01/2005,1.43675
26/01/2005,1.4398
27/01/2005,1.44865
28/01/2005,1.4481
31/01/2005,1.44405
01/02/2005,1.44405
02/02/2005,1.4477
03/02/2005,1.4505
04/02/2005,1.45785
07/02/2005,1.45605
08/02/2005,1.45335
09/02/2005,1.45115
10/02/2005,1.45155
11/02/2005,1.4523
14/02/2005,1.4548
15/02/2005,1.45635
16/02/2005,1.4469
17/02/2005,1.4499
18/02/2005,1.449
21/02/2005,1.452
22/02/2005,1.4417
23/02/2005,1.4441
24/02/2005,1.44695
25/02/2005,1.44915
28/02/2005,1.45235
01/03/2005,1.45705
02/03/2005,1.4564
03/03/2005,1.4546
04/03/2005,1.45235
07/03/2005,1.44875
08/03/2005,1.44575
09/03/2005,1.4377
10/03/2005,1.43285
11/03/2005,1.4306
14/03/2005,1.43145
15/03/2005,1.438
16/03/2005,1.43585
17/03/2005,1.43925
18/03/2005,1.4423
21/03/2005,1.4414
22/03/2005,1.4413
23/03/2005,1.43925
24/03/2005,1.4442
25/03/2005,1.4432
28/03/2005,1.4468
29/03/2005,1.44965
30/03/2005,1.4545
31/03/2005,1.4578
01/04/2005,1.4571
04/04/2005,1.45975
05/04/2005,1.46195
06/04/2005,1.4613
07/04/2005,1.45425
08/04/2005,1.4581
11/04/2005,1.45765
12/04/2005,1.4644
13/04/2005,1.4668
14/04/2005,1.46855
15/04/2005,1.4653
18/04/2005,1.4617
19/04/2005,1.4687
20/04/2005,1.4666
21/04/2005,1.4626
22/04/2005,1.46445
25/04/2005,1.4694
26/04/2005,1.4677
27/04/2005,1.4738
28/04/2005,1.4792
29/04/2005,1.4821
02/05/2005,1.4731
03/05/2005,1.4703
04/05/2005,1.46955
05/05/2005,1.47165
06/05/2005,1.4754
09/05/2005,1.46695
10/05/2005,1.46175
11/05/2005,1.4615
12/05/2005,1.46935
13/05/2005,1.46475
16/05/2005,1.4541
17/05/2005,1.4544
18/05/2005,1.45145
19/05/2005,1.45235
20/05/2005,1.45505
23/05/2005,1.4552
24/05/2005,1.45205
25/05/2005,1.4535
26/05/2005,1.45455
27/05/2005,1.45095
30/05/2005,1.46155
31/05/2005,1.47685
01/06/2005,1.4857
02/06/2005,1.47975
03/06/2005,1.48505
06/06/2005,1.4883
07/06/2005,1.49375
08/06/2005,1.49035
09/06/2005,1.48845
10/06/2005,1.4951
13/06/2005,1.49215
14/06/2005,1.50115
15/06/2005,1.50445
16/06/2005,1.5066
17/06/2005,1.4901
20/06/2005,1.50125
21/06/2005,1.5018
22/06/2005,1.50205
23/06/2005,1.50795
24/06/2005,1.50795
27/06/2005,1.50345
28/06/2005,1.5055
29/06/2005,1.4966
30/06/2005,1.47955
01/07/2005,1.4793
04/07/2005,1.4784
05/07/2005,1.47465
06/07/2005,1.4701
07/07/2005,1.4599
08/07/2005,1.45175
11/07/2005,1.45615
12/07/2005,1.45245
13/07/2005,1.45925
14/07/2005,1.4537
15/07/2005,1.45595
18/07/2005,1.4509
19/07/2005,1.4461
20/07/2005,1.4315
21/07/2005,1.443
22/07/2005,1.441
25/07/2005,1.44775
26/07/2005,1.44625
27/07/2005,1.4456
28/07/2005,1.4467
29/07/2005,1.4497
01/08/2005,1.4517
02/08/2005,1.45255
03/08/2005,1.44095
04/08/2005,1.43775
05/08/2005,1.4392
08/08/2005,1.444885
09/08/2005,1.444831
10/08/2005,1.449663
11/08/2005,1.452304
12/08/2005,1.458719
15/08/2005,1.464807
16/08/2005,1.464979
17/08/2005,1.471763
18/08/2005,1.47458
19/08/2005,1.476837
22/08/2005,1.471952
23/08/2005,1.47254
24/08/2005,1.467509
25/08/2005,1.465794
26/08/2005,1.465088
29/08/2005,1.468225
30/08/2005,1.462108
31/08/2005,1.461183
01/09/2005,1.467181
02/09/2005,1.470035
05/09/2005,1.470715
06/09/2005,1.477982
07/09/2005,1.479161
08/09/2005,1.480602
09/09/2005,1.48191
12/09/2005,1.481135
13/09/2005,1.485571
14/09/2005,1.484414
15/09/2005,1.477482
16/09/2005,1.477852
19/09/2005,1.484412
20/09/2005,1.484276
21/09/2005,1.481559
22/09/2005,1.472912
23/09/2005,1.47479
26/09/2005,1.473865
27/09/2005,1.470385
28/09/2005,1.468885
29/09/2005,1.463969
30/09/2005,1.466877
03/10/2005,1.472375
04/10/2005,1.475939
05/10/2005,1.471792
06/10/2005,1.460629
07/10/2005,1.452451
10/10/2005,1.455642
11/10/2005,1.456202
12/10/2005,1.456795
13/10/2005,1.460835
14/10/2005,1.464842
17/10/2005,1.458855
18/10/2005,1.464314
19/10/2005,1.472045
20/10/2005,1.475838
21/10/2005,1.479833
24/10/2005,1.475889
25/10/2005,1.47396
26/10/2005,1.470667
27/10/2005,1.46866
28/10/2005,1.469305
31/10/2005,1.475921
01/11/2005,1.468719
02/11/2005,1.471736
03/11/2005,1.482669
04/11/2005,1.48177
07/11/2005,1.47755
08/11/2005,1.480774
09/11/2005,1.481979
10/11/2005,1.489774
11/11/2005,1.484746
14/11/2005,1.485586
15/11/2005,1.480844
16/11/2005,1.471078
17/11/2005,1.462976
18/11/2005,1.45683
21/11/2005,1.462841
22/11/2005,1.457909
23/11/2005,1.457963
24/11/2005,1.461467
25/11/2005,1.462635
28/11/2005,1.459517
29/11/2005,1.458675
30/11/2005,1.467105
01/12/2005,1.474954
02/12/2005,1.480101
05/12/2005,1.477968
06/12/2005,1.477566
07/12/2005,1.480022
08/12/2005,1.483354
09/12/2005,1.485045
12/12/2005,1.485717
13/12/2005,1.482147
14/12/2005,1.47752
15/12/2005,1.473436
16/12/2005,1.475006
19/12/2005,1.468002
20/12/2005,1.479742
21/12/2005,1.474087
22/12/2005,1.463996
23/12/2005,1.46069
26/12/2005,1.463023
27/12/2005,1.460453
28/12/2005,1.45067
29/12/2005,1.456861
30/12/2005,1.454742
02/01/2006,1.455326
03/01/2006,1.453135
04/01/2006,1.45123
05/01/2006,1.449876
06/01/2006,1.45697
09/01/2006,1.460276
10/01/2006,1.462843
11/01/2006,1.454756
12/01/2006,1.462363
13/01/2006,1.462862
16/01/2006,1.458339
17/01/2006,1.460125
18/01/2006,1.456039
19/01/2006,1.454437
20/01/2006,1.458962
23/01/2006,1.452481
24/01/2006,1.453402
25/01/2006,1.457439
26/01/2006,1.457301
27/01/2006,1.462006
30/01/2006,1.462821
31/01/2006,1.463703
01/02/2006,1.47064
02/02/2006,1.472522
03/02/2006,1.465996
06/02/2006,1.46033
07/02/2006,1.456181
08/02/2006,1.45588
09/02/2006,1.453571
10/02/2006,1.465872
13/02/2006,1.463495
14/02/2006,1.457201
15/02/2006,1.464275
16/02/2006,1.460903
17/02/2006,1.459067
20/02/2006,1.460772
21/02/2006,1.465478
22/02/2006,1.464051
23/02/2006,1.469229
24/02/2006,1.468423
27/02/2006,1.468667
28/02/2006,1.470914
01/03/2006,1.467855
02/03/2006,1.456622
03/03/2006,1.45768
06/03/2006,1.456706
07/03/2006,1.460277
08/03/2006,1.458091
09/03/2006,1.457164
10/03/2006,1.449889
13/03/2006,1.448364
14/03/2006,1.453611
15/03/2006,1.448403
16/03/2006,1.442461
17/03/2006,1.440844
20/03/2006,1.443714
21/03/2006,1.445037
22/03/2006,1.446703
23/03/2006,1.448969
24/03/2006,1.446558
27/03/2006,1.453781
28/03/2006,1.452735
29/03/2006,1.441525
30/03/2006,1.435725
31/03/2006,1.434392
03/04/2006,1.432591
04/04/2006,1.431858
05/04/2006,1.427037
06/04/2006,1.43367
07/04/2006,1.441256
10/04/2006,1.439023
11/04/2006,1.440246
12/04/2006,1.445326
13/04/2006,1.447478
14/04/2006,1.445977
17/04/2006,1.444145
18/04/2006,1.443667
19/04/2006,1.44781
20/04/2006,1.444282
21/04/2006,1.443625
24/04/2006,1.443351
25/04/2006,1.438599
26/04/2006,1.432821
27/04/2006,1.437388
28/04/2006,1.445619
01/05/2006,1.450928
02/05/2006,1.458398
03/05/2006,1.457953
04/05/2006,1.458696
05/05/2006,1.46091
08/05/2006,1.462401
09/05/2006,1.463142
10/05/2006,1.457974
11/05/2006,1.46656
12/05/2006,1.464515
15/05/2006,1.468819
16/05/2006,1.468137
17/05/2006,1.477422
18/05/2006,1.473922
19/05/2006,1.470469
22/05/2006,1.466638
23/05/2006,1.467169
24/05/2006,1.465284
25/05/2006,1.463498
26/05/2006,1.459974
29/05/2006,1.458763
30/05/2006,1.463714
31/05/2006,1.459581
01/06/2006,1.457066
02/06/2006,1.456927
05/06/2006,1.4556
06/06/2006,1.4497
07/06/2006,1.4505
08/06/2006,1.4562
09/06/2006,1.4562
12/06/2006,1.46365
13/06/2006,1.46225
14/06/2006,1.46265
15/06/2006,1.46355
16/06/2006,1.4634
19/06/2006,1.4644
20/06/2006,1.46415
21/06/2006,1.45775
22/06/2006,1.4531
23/06/2006,1.4533
26/06/2006,1.44935
27/06/2006,1.448
28/06/2006,1.44835
29/06/2006,1.44345
30/06/2006,1.4452
03/07/2006,1.4391
04/07/2006,1.4423
05/07/2006,1.44145
06/07/2006,1.4376
07/07/2006,1.445
10/07/2006,1.4463
11/07/2006,1.4454
12/07/2006,1.4441
13/07/2006,1.45285
14/07/2006,1.4521
17/07/2006,1.4547
18/07/2006,1.4604
19/07/2006,1.4634
20/07/2006,1.46405
21/07/2006,1.4643
24/07/2006,1.4649
25/07/2006,1.46235
26/07/2006,1.4582
27/07/2006,1.4633
28/07/2006,1.4607
31/07/2006,1.4628
01/08/2006,1.46285
02/08/2006,1.4677
03/08/2006,1.4744
04/08/2006,1.4827
07/08/2006,1.4852
08/08/2006,1.48635
09/08/2006,1.4809
10/08/2006,1.4799
11/08/2006,1.4859
14/08/2006,1.4846
15/08/2006,1.48115
16/08/2006,1.47595
17/08/2006,1.4695
18/08/2006,1.46625
21/08/2006,1.4692
22/08/2006,1.4746
23/08/2006,1.48065
24/08/2006,1.4781
25/08/2006,1.47975
28/08/2006,1.48105
29/08/2006,1.4802
30/08/2006,1.484
31/08/2006,1.4864
01/09/2006,1.4852
04/09/2006,1.4815
05/09/2006,1.47815
06/09/2006,1.4717
07/09/2006,1.4733
08/09/2006,1.4717
11/09/2006,1.46885
12/09/2006,1.47745
13/09/2006,1.4782
14/09/2006,1.4828
15/09/2006,1.4862
18/09/2006,1.4799
19/09/2006,1.48465
20/09/2006,1.4885
21/09/2006,1.4884
22/09/2006,1.48665
25/09/2006,1.4905
26/09/2006,1.49275
27/09/2006,1.48745
28/09/2006,1.4777
29/09/2006,1.47735
02/10/2006,1.48145
03/10/2006,1.48265
04/10/2006,1.48335
05/10/2006,1.48035
06/10/2006,1.48415
09/10/2006,1.48215
10/10/2006,1.47855
11/10/2006,1.48095
12/10/2006,1.48055
13/10/2006,1.48205
16/10/2006,1.48525
17/10/2006,1.49095
18/10/2006,1.49055
19/10/2006,1.48735
20/10/2006,1.49365
23/10/2006,1.49265
24/10/2006,1.49135
25/10/2006,1.48965
26/10/2006,1.48945
27/10/2006,1.48985
30/10/2006,1.49425
31/10/2006,1.49435
01/11/2006,1.49615
02/11/2006,1.49345
03/11/2006,1.49465
06/11/2006,1.49105
07/11/2006,1.49185
08/11/2006,1.49375
09/11/2006,1.48495
10/11/2006,1.48755
13/11/2006,1.4847
14/11/2006,1.4796
15/11/2006,1.4728
16/11/2006,1.47575
17/11/2006,1.47805
20/11/2006,1.4807
21/11/2006,1.47855
22/11/2006,1.47935
23/11/2006,1.47965
24/11/2006,1.47545
27/11/2006,1.4755
28/11/2006,1.47865
29/11/2006,1.4798
30/11/2006,1.4848
01/12/2006,1.48485
04/12/2006,1.48525
05/12/2006,1.4817
06/12/2006,1.48015
07/12/2006,1.47775
08/12/2006,1.48105
11/12/2006,1.47885
12/12/2006,1.48395
13/12/2006,1.4885
14/12/2006,1.49145
15/12/2006,1.4915
18/12/2006,1.48715
19/12/2006,1.49225
20/12/2006,1.491
21/12/2006,1.48875
22/12/2006,1.4911
25/12/2006,1.49255
26/12/2006,1.49165
27/12/2006,1.49175
28/12/2006,1.49285
29/12/2006,1.4847
01/01/2007,1.48435
02/01/2007,1.4868
03/01/2007,1.48175
04/01/2007,1.48515
05/01/2007,1.48455
08/01/2007,1.4881
09/01/2007,1.49215
10/01/2007,1.4935
11/01/2007,1.5088
12/01/2007,1.51485
15/01/2007,1.51895
16/01/2007,1.51815
17/01/2007,1.5225
18/01/2007,1.52305
19/01/2007,1.52345
22/01/2007,1.52615
23/01/2007,1.52105
24/01/2007,1.51845
25/01/2007,1.51855
26/01/2007,1.51665
29/01/2007,1.51365
30/01/2007,1.51345
31/01/2007,1.5079
01/02/2007,1.51055
02/02/2007,1.51655
05/02/2007,1.51635
06/02/2007,1.51805
07/02/2007,1.51445
08/02/2007,1.5021
09/02/2007,1.5008
12/02/2007,1.50195
13/02/2007,1.49325
14/02/2007,1.4948
15/02/2007,1.48505
16/02/2007,1.48395
19/02/2007,1.48335
20/02/2007,1.4882
21/02/2007,1.4873
22/02/2007,1.4906
23/02/2007,1.49165
26/02/2007,1.48895
27/02/2007,1.4816
28/02/2007,1.48455
01/03/2007,1.48515
02/03/2007,1.4744
05/03/2007,1.46705
06/03/2007,1.47115
07/03/2007,1.46675
08/03/2007,1.46795
09/03/2007,1.47215
12/03/2007,1.4653
13/03/2007,1.4612
14/03/2007,1.46355
15/03/2007,1.46275
16/03/2007,1.4583
19/03/2007,1.4622
20/03/2007,1.47255
21/03/2007,1.4706
22/03/2007,1.47365
23/03/2007,1.47695
26/03/2007,1.4772
27/03/2007,1.4724
28/03/2007,1.4734
29/03/2007,1.47185
30/03/2007,1.47345
02/04/2007,1.47955
03/04/2007,1.48135
04/04/2007,1.47815
05/04/2007,1.46755
06/04/2007,1.46845
09/04/2007,1.46965
10/04/2007,1.4678
11/04/2007,1.4707
12/04/2007,1.4678
13/04/2007,1.4672
16/04/2007,1.4702
17/04/2007,1.4792
18/04/2007,1.4761
19/04/2007,1.4719
20/04/2007,1.47365
23/04/2007,1.47375
24/04/2007,1.468
25/04/2007,1.4676
26/04/2007,1.4643
27/04/2007,1.4632
30/04/2007,1.4651
01/05/2007,1.469
02/05/2007,1.4638
03/05/2007,1.4662
04/05/2007,1.46635
07/05/2007,1.465
08/05/2007,1.4687
09/05/2007,1.4738
10/05/2007,1.4679
11/05/2007,1.4659
14/05/2007,1.46145
15/05/2007,1.461
16/05/2007,1.46275
17/05/2007,1.4633
18/05/2007,1.46195
21/05/2007,1.4638
22/05/2007,1.4682
23/05/2007,1.476
24/05/2007,1.4779
25/05/2007,1.4759
28/05/2007,1.47455
29/05/2007,1.4732
30/05/2007,1.47135
31/05/2007,1.4715
01/06/2007,1.4742
04/06/2007,1.4761
05/06/2007,1.4739
06/06/2007,1.4755
07/06/2007,1.47245
08/06/2007,1.4731
11/06/2007,1.47395
12/06/2007,1.4841
13/06/2007,1.48235
14/06/2007,1.47965
15/06/2007,1.476
18/06/2007,1.47855
19/06/2007,1.4812
20/06/2007,1.4867
21/06/2007,1.48805
22/06/2007,1.48435
25/06/2007,1.484
26/06/2007,1.4855
27/06/2007,1.4862
28/06/2007,1.4891
29/06/2007,1.4835
02/07/2007,1.48065
03/07/2007,1.4813
04/07/2007,1.4812
05/07/2007,1.4796
06/07/2007,1.4753
07/07/2007,1.4784
08/07/2007,1.4784
09/07/2007,1.47895
10/07/2007,1.4752
11/07/2007,1.47865
12/07/2007,1.4723
13/07/2007,1.47715
14/07/2007,1.4737
15/07/2007,1.4737
16/07/2007,1.4784
17/07/2007,1.4852
18/07/2007,1.48735
19/07/2007,1.4841
20/07/2007,1.487
21/07/2007,1.4861
22/07/2007,1.4861
23/07/2007,1.49145
24/07/2007,1.4925
25/07/2007,1.4966
26/07/2007,1.49075
27/07/2007,1.48515
28/07/2007,1.4884
29/07/2007,1.4884
30/07/2007,1.47825
31/07/2007,1.4844
01/08/2007,1.48705
02/08/2007,1.4865
03/08/2007,1.48105
04/08/2007,1.4851
05/08/2007,1.4851
06/08/2007,1.4726
07/08/2007,1.4717
08/08/2007,1.4764
09/08/2007,1.4794
10/08/2007,1.4776
11/08/2007,1.4778
12/08/2007,1.4778
13/08/2007,1.47865
14/08/2007,1.47585
15/08/2007,1.4796
16/08/2007,1.4769
17/08/2007,1.47045
18/08/2007,1.4727
19/08/2007,1.4727
20/08/2007,1.475
21/08/2007,1.4719
22/08/2007,1.47135
23/08/2007,1.47855
24/08/2007,1.4731
25/08/2007,1.4753
26/08/2007,1.4753
27/08/2007,1.4745
28/08/2007,1.47145
29/08/2007,1.4752
30/08/2007,1.47645
31/08/2007,1.47955
01/09/2007,1.4761
02/09/2007,1.4761
03/09/2007,1.4817
04/09/2007,1.4798
05/09/2007,1.47985
06/09/2007,1.4783
07/09/2007,1.4729
08/09/2007,1.476
09/09/2007,1.476
10/09/2007,1.4691
11/09/2007,1.4692
12/09/2007,1.45955
13/09/2007,1.4589
14/09/2007,1.4467
15/09/2007,1.4532
16/09/2007,1.4532
17/09/2007,1.4383
18/09/2007,1.4397
19/09/2007,1.4332
20/09/2007,1.4277
21/09/2007,1.4327
22/09/2007,1.4305
23/09/2007,1.4305
24/09/2007,1.4357
25/09/2007,1.4278
26/09/2007,1.4269
27/09/2007,1.4327
28/09/2007,1.434
29/09/2007,1.4311
30/09/2007,1.4311
01/10/2007,1.4356
02/10/2007,1.4425
03/10/2007,1.4421
04/10/2007,1.4422
05/10/2007,1.4448
06/10/2007,1.4428
07/10/2007,1.4428
08/10/2007,1.4494
09/10/2007,1.4446
10/10/2007,1.444
11/10/2007,1.43115
12/10/2007,1.4368
13/10/2007,1.4319
14/10/2007,1.4319
15/10/2007,1.438
16/10/2007,1.4343
17/10/2007,1.4359
18/10/2007,1.43
19/10/2007,1.4343
20/10/2007,1.4327
21/10/2007,1.4327
22/10/2007,1.4337
23/10/2007,1.4381
24/10/2007,1.4366
25/10/2007,1.4321
26/10/2007,1.426
27/10/2007,1.4298
28/10/2007,1.4298
29/10/2007,1.4304
30/10/2007,1.4321
31/10/2007,1.4373
01/11/2007,1.44065
02/11/2007,1.4395
03/11/2007,1.4393
04/11/2007,1.4393
05/11/2007,1.4382
06/11/2007,1.43405
07/11/2007,1.43595
08/11/2007,1.4359
09/11/2007,1.4245
10/11/2007,1.4322
11/11/2007,1.4322
12/11/2007,1.4126
13/11/2007,1.41805
14/11/2007,1.4185
15/11/2007,1.3996
16/11/2007,1.4008
17/11/2007,1.3978
18/11/2007,1.3978
19/11/2007,1.3979
20/11/2007,1.39285
21/11/2007,1.39
22/11/2007,1.38865
23/11/2007,1.3892
24/11/2007,1.3888
25/11/2007,1.3888
26/11/2007,1.39365
27/11/2007,1.395
28/11/2007,1.40315
29/11/2007,1.39795
30/11/2007,1.4051
01/12/2007,1.3999
02/12/2007,1.3999
03/12/2007,1.40865
04/12/2007,1.39465
05/12/2007,1.3869
06/12/2007,1.3854
07/12/2007,1.38455
08/12/2007,1.3858
09/12/2007,1.3858
10/12/2007,1.39095
11/12/2007,1.3881
12/12/2007,1.3916
13/12/2007,1.39505
14/12/2007,1.3971
15/12/2007,1.3965
16/12/2007,1.3965
17/12/2007,1.40325
18/12/2007,1.3976
19/12/2007,1.38885
20/12/2007,1.38465
21/12/2007,1.3794
22/12/2007,1.3822
23/12/2007,1.3822
24/12/2007,1.37385
25/12/2007,1.3739
26/12/2007,1.3691
27/12/2007,1.36465
28/12/2007,1.3558
29/12/2007,1.3618
30/12/2007,1.3618
31/12/2007,1.3605
01/01/2008,1.36135
02/01/2008,1.34565
03/01/2008,1.3366
04/01/2008,1.33965
05/01/2008,1.3391
06/01/2008,1.3391
07/01/2008,1.34045
08/01/2008,1.34165
09/01/2008,1.33615
10/01/2008,1.3248
11/01/2008,1.32465
13/01/2008,1.3234
14/01/2008,1.31535
15/01/2008,1.3257
16/01/2008,1.34025
17/01/2008,1.34645
18/01/2008,1.3394
19/01/2008,1.3416
20/01/2008,1.3406
21/01/2008,1.34465
22/01/2008,1.3414
23/01/2008,1.3381
24/01/2008,1.3396
25/01/2008,1.3508
26/01/2008,1.3443
27/01/2008,1.3443
28/01/2008,1.34235
29/01/2008,1.34625
30/01/2008,1.33755
31/01/2008,1.33725
01/02/2008,1.32715
02/02/2008,1.3356
03/02/2008,1.3277
04/02/2008,1.33095
05/02/2008,1.34125
06/02/2008,1.3409
07/02/2008,1.3411
08/02/2008,1.3416
09/02/2008,1.3431
10/02/2008,1.3431
11/02/2008,1.3436
12/02/2008,1.34385
13/02/2008,1.347
14/02/2008,1.3447
15/02/2008,1.33555
16/02/2008,1.3407
17/02/2008,1.3407
18/02/2008,1.33225
19/02/2008,1.32315
20/02/2008,1.3196
21/02/2008,1.32495
22/02/2008,1.3257
23/02/2008,1.3269
24/02/2008,1.3269
25/02/2008,1.32675
26/02/2008,1.327
27/02/2008,1.31045
28/02/2008,1.30855
29/02/2008,1.31055
01/03/2008,1.308
02/03/2008,1.3057
03/03/2008,1.30505
04/03/2008,1.30525
05/03/2008,1.30475
06/03/2008,1.30665
07/03/2008,1.31105
09/03/2008,1.3125
10/03/2008,1.30655
11/03/2008,1.30835
12/03/2008,1.3025
13/03/2008,1.30055
14/03/2008,1.28765
16/03/2008,1.2841
17/03/2008,1.27085
18/03/2008,1.28565
19/03/2008,1.26745
20/03/2008,1.28605
21/03/2008,1.28465
23/03/2008,1.2853
24/03/2008,1.28795
25/03/2008,1.28275
26/03/2008,1.26695
27/03/2008,1.27155
28/03/2008,1.26155
31/03/2008,1.25675
01/04/2008,1.26555
02/04/2008,1.267
03/04/2008,1.2733
04/04/2008,1.26825
07/04/2008,1.2655
08/04/2008,1.25335
09/04/2008,1.2482
10/04/2008,1.25195
11/04/2008,1.2496
14/04/2008,1.2496
15/04/2008,1.24275
16/04/2008,1.2367
17/04/2008,1.25195
18/04/2008,1.2633
21/04/2008,1.2447
22/04/2008,1.24765
23/04/2008,1.24655
24/04/2008,1.2586
25/04/2008,1.27045
28/04/2008,1.27185
29/04/2008,1.2646
30/04/2008,1.27165
01/05/2008,1.2762
02/05/2008,1.2775
05/05/2008,1.27265
06/05/2008,1.27065
07/05/2008,1.26915
08/05/2008,1.26945
09/05/2008,1.26135
12/05/2008,1.25875
13/05/2008,1.25715
14/05/2008,1.25755
15/05/2008,1.26055
16/05/2008,1.25645
19/05/2008,1.25655
20/05/2008,1.25795
21/05/2008,1.24905
22/05/2008,1.259
23/05/2008,1.257
26/05/2008,1.25675
27/05/2008,1.25985
28/05/2008,1.26645
29/05/2008,1.27365
30/05/2008,1.27445
02/06/2008,1.266
03/06/2008,1.27125
04/06/2008,1.26665
05/06/2008,1.25595
06/06/2008,1.24835
09/06/2008,1.26225
10/06/2008,1.26355
11/06/2008,1.26255
12/06/2008,1.26095
13/06/2008,1.26485
16/06/2008,1.26845
17/06/2008,1.26165
18/06/2008,1.2616
19/06/2008,1.27205
20/06/2008,1.2652
23/06/2008,1.26655
24/06/2008,1.266
25/06/2008,1.26075
26/06/2008,1.26235
27/06/2008,1.26335
30/06/2008,1.26465
01/07/2008,1.26325
02/07/2008,1.25475
03/07/2008,1.26285
04/07/2008,1.2629
07/07/2008,1.25645
08/07/2008,1.25685
09/07/2008,1.2596
10/07/2008,1.25305
11/07/2008,1.2475
14/07/2008,1.25405
15/07/2008,1.26035
16/07/2008,1.26325
17/07/2008,1.26315
18/07/2008,1.261
21/07/2008,1.2584
22/07/2008,1.26185
23/07/2008,1.27415
24/07/2008,1.267
25/07/2008,1.26645
28/07/2008,1.26665
29/07/2008,1.26925
30/07/2008,1.27245
31/07/2008,1.27125
01/08/2008,1.26915
04/08/2008,1.25965
05/08/2008,1.26465
06/08/2008,1.2643
07/08/2008,1.2686
08/08/2008,1.27975
11/08/2008,1.28175
12/08/2008,1.27095
13/08/2008,1.25375
14/08/2008,1.26115
15/08/2008,1.26945
18/08/2008,1.2693
19/08/2008,1.26375
20/08/2008,1.26265
21/08/2008,1.2608
22/08/2008,1.2522
25/08/2008,1.25615
26/08/2008,1.2553
27/08/2008,1.24665
28/08/2008,1.24395
29/08/2008,1.24175
01/09/2008,1.23275
02/09/2008,1.22875
03/09/2008,1.22535
04/09/2008,1.23435
05/09/2008,1.23675
08/09/2008,1.24465
09/09/2008,1.2462
10/09/2008,1.25205
11/09/2008,1.25595
12/09/2008,1.25865
15/09/2008,1.26305
16/09/2008,1.26175
17/09/2008,1.26855
18/09/2008,1.267
19/09/2008,1.26635
22/09/2008,1.25505
23/09/2008,1.26425
24/09/2008,1.26285
25/09/2008,1.25775
26/09/2008,1.26335
29/09/2008,1.25245
30/09/2008,1.26365
01/10/2008,1.26385
02/10/2008,1.2768
03/10/2008,1.2856
05/10/2008,1.2924
06/10/2008,1.2914
07/10/2008,1.2844
08/10/2008,1.2668
09/10/2008,1.2571
10/10/2008,1.2729
12/10/2008,1.2597
13/10/2008,1.277
14/10/2008,1.27715
15/10/2008,1.2791
16/10/2008,1.286
17/10/2008,1.2899
19/10/2008,1.2914
20/10/2008,1.28545
21/10/2008,1.2786
22/10/2008,1.2652
23/10/2008,1.2544
24/10/2008,1.2607
26/10/2008,1.256
27/10/2008,1.2483
28/10/2008,1.2507
29/10/2008,1.2639
30/10/2008,1.2715
31/10/2008,1.2602
02/11/2008,1.2617
03/11/2008,1.2515
04/11/2008,1.2289
05/11/2008,1.2278
06/11/2008,1.2287
07/11/2008,1.231
09/11/2008,1.2298
10/11/2008,1.2244
11/11/2008,1.2283
12/11/2008,1.1972
13/11/2008,1.1616
14/11/2008,1.1712
16/11/2008,1.1717
17/11/2008,1.1845
18/11/2008,1.1854
19/11/2008,1.1969
20/11/2008,1.1827
21/11/2008,1.1856
23/11/2008,1.1857
24/11/2008,1.1728
25/11/2008,1.1844
26/11/2008,1.1897
27/11/2008,1.1939
28/11/2008,1.2122
30/11/2008,1.2114
01/12/2008,1.181
02/12/2008,1.1722
03/12/2008,1.1625
04/12/2008,1.14855
05/12/2008,1.155
07/12/2008,1.1572
08/12/2008,1.1508
09/12/2008,1.14165
10/12/2008,1.13505
11/12/2008,1.12565
12/12/2008,1.11885
14/12/2008,1.1175
15/12/2008,1.11745
16/12/2008,1.11165
17/12/2008,1.07725
18/12/2008,1.05365
19/12/2008,1.07505
21/12/2008,1.0741
22/12/2008,1.06345
23/12/2008,1.05705
24/12/2008,1.05135
25/12/2008,1.04925
26/12/2008,1.04215
28/12/2008,1.0411
29/12/2008,1.03485
30/12/2008,1.0249
31/12/2008,1.04685
01/01/2009,1.04545
02/01/2009,1.04515
04/01/2009,1.0464
05/01/2009,1.07815
06/01/2009,1.10215
07/01/2009,1.10735
08/01/2009,1.11045
09/01/2009,1.12815
11/01/2009,1.1232
12/01/2009,1.10915
13/01/2009,1.1003
14/01/2009,1.10795
15/01/2009,1.11615
16/01/2009,1.11045
18/01/2009,1.1142
19/01/2009,1.10375
20/01/2009,1.07865
21/01/2009,1.0716
22/01/2009,1.06745
23/01/2009,1.0631
25/01/2009,1.0598
26/01/2009,1.06105
27/01/2009,1.0736
28/01/2009,1.08215
29/01/2009,1.1039
30/01/2009,1.13445
01/02/2009,1.1332
02/02/2009,1.1111
03/02/2009,1.10885
04/02/2009,1.1264
05/02/2009,1.1426
06/02/2009,1.14365
08/02/2009,1.1406
09/02/2009,1.1459
10/02/2009,1.1264
11/02/2009,1.11515
12/02/2009,1.10915
13/02/2009,1.11615
16/02/2009,1.1162
17/02/2009,1.1317
18/02/2009,1.1343
19/02/2009,1.1279
20/02/2009,1.1246
22/02/2009,1.1234
23/02/2009,1.14
24/02/2009,1.1273
25/02/2009,1.1168
26/02/2009,1.124
27/02/2009,1.1297
01/03/2009,1.1301
02/03/2009,1.11735
03/03/2009,1.11885
04/03/2009,1.1215
05/03/2009,1.12615
06/03/2009,1.11355
08/03/2009,1.1145
09/03/2009,1.093
10/03/2009,1.08415
11/03/2009,1.07995
12/03/2009,1.07955
13/03/2009,1.0826
15/03/2009,1.0831
16/03/2009,1.08475
17/03/2009,1.07895
18/03/2009,1.05845
19/03/2009,1.06185
20/03/2009,1.06455
22/03/2009,1.0615
23/03/2009,1.0685
24/03/2009,1.09095
25/03/2009,1.07165
26/03/2009,1.06915
27/03/2009,1.07805
29/03/2009,1.0768
30/03/2009,1.08075
31/03/2009,1.08085
01/04/2009,1.09205
02/04/2009,1.09385
03/04/2009,1.09985
06/04/2009,1.10065
07/04/2009,1.11
08/04/2009,1.1083
09/04/2009,1.1148
10/04/2009,1.11305
13/04/2009,1.11075
14/04/2009,1.12355
15/04/2009,1.13395
16/04/2009,1.1322
17/04/2009,1.1354
20/04/2009,1.12505
21/04/2009,1.134
22/04/2009,1.11435
23/04/2009,1.12005
24/04/2009,1.1074
27/04/2009,1.1233
28/04/2009,1.11285
29/04/2009,1.11335
30/04/2009,1.11805
01/05/2009,1.1234
04/05/2009,1.119
05/05/2009,1.132
06/05/2009,1.1348
07/05/2009,1.12165
08/05/2009,1.1167
11/05/2009,1.11305
12/05/2009,1.1189
13/05/2009,1.11445
14/05/2009,1.11685
15/05/2009,1.12355
18/05/2009,1.1317
19/05/2009,1.13515
20/05/2009,1.14295
21/05/2009,1.14055
22/05/2009,1.1373
25/05/2009,1.13515
26/05/2009,1.13875
27/05/2009,1.15385
28/05/2009,1.14355
29/05/2009,1.14345
01/06/2009,1.1619
02/06/2009,1.15915
03/06/2009,1.15235
04/06/2009,1.14055
05/06/2009,1.14395
08/06/2009,1.15485
09/06/2009,1.15935
10/06/2009,1.17035
11/06/2009,1.17575
12/06/2009,1.17325
15/06/2009,1.1827
16/06/2009,1.1853
17/06/2009,1.1761
18/06/2009,1.17505
19/06/2009,1.18315
22/06/2009,1.17935
23/06/2009,1.16905
24/06/2009,1.17765
25/06/2009,1.17055
26/06/2009,1.17525
29/06/2009,1.17635
30/06/2009,1.17305
01/07/2009,1.16525
02/07/2009,1.17095
03/07/2009,1.16795
06/07/2009,1.16475
07/07/2009,1.15945
08/07/2009,1.15735
09/07/2009,1.16555
10/07/2009,1.16375
13/07/2009,1.16085
14/07/2009,1.16755
15/07/2009,1.16405
16/07/2009,1.16165
17/07/2009,1.15855
20/07/2009,1.16265
21/07/2009,1.15675
22/07/2009,1.15925
23/07/2009,1.16525
24/07/2009,1.15665
27/07/2009,1.15835
28/07/2009,1.15955
29/07/2009,1.16595
30/07/2009,1.17195
31/07/2009,1.17215
03/08/2009,1.17445
04/08/2009,1.17585
05/08/2009,1.17935
06/08/2009,1.16995
07/08/2009,1.1767
10/08/2009,1.16535
11/08/2009,1.16455
12/08/2009,1.16145
13/08/2009,1.16035
14/08/2009,1.16465
17/08/2009,1.16085
18/08/2009,1.17175
19/08/2009,1.16205
20/08/2009,1.15805
21/08/2009,1.15175
24/08/2009,1.14755
25/08/2009,1.14335
26/08/2009,1.13985
27/08/2009,1.1345
28/08/2009,1.1375
31/08/2009,1.13635
01/09/2009,1.13605
02/09/2009,1.14075
03/09/2009,1.14525
04/09/2009,1.14645
07/09/2009,1.14065
08/09/2009,1.13875
09/09/2009,1.13615
10/09/2009,1.14185
11/09/2009,1.14395
14/09/2009,1.13345
15/09/2009,1.12485
16/09/2009,1.12085
17/09/2009,1.11575
18/09/2009,1.10625
21/09/2009,1.10455
22/09/2009,1.106
23/09/2009,1.1092
24/09/2009,1.09575
25/09/2009,1.08835
28/09/2009,1.0833
29/09/2009,1.0941
30/09/2009,1.09965
01/10/2009,1.092
02/10/2009,1.09505
04/10/2009,1.0924
05/10/2009,1.08985
06/10/2009,1.086
07/10/2009,1.08715
08/10/2009,1.0876
09/10/2009,1.08265
11/10/2009,1.0765
12/10/2009,1.0696
13/10/2009,1.06915
14/10/2009,1.07245
15/10/2009,1.08975
16/10/2009,1.0981
18/10/2009,1.0962
19/10/2009,1.09445
20/10/2009,1.0981
21/10/2009,1.1101
22/10/2009,1.1072
23/10/2009,1.10805
25/10/2009,1.0873
26/10/2009,1.09605
27/10/2009,1.1022
28/10/2009,1.10425
29/10/2009,1.11365
30/10/2009,1.1143
01/11/2009,1.1133
02/11/2009,1.11455
03/11/2009,1.1131
04/11/2009,1.11475
05/11/2009,1.1155
06/11/2009,1.11415
08/11/2009,1.1192
09/11/2009,1.1173
10/11/2009,1.1162
11/11/2009,1.1069
12/11/2009,1.11245
13/11/2009,1.11765
15/11/2009,1.1194
16/11/2009,1.11615
17/11/2009,1.13035
18/11/2009,1.11865
19/11/2009,1.1169
20/11/2009,1.11225
22/11/2009,1.1099
23/11/2009,1.1102
24/11/2009,1.1077
25/11/2009,1.10565
26/11/2009,1.0999
27/11/2009,1.10195
29/11/2009,1.1002
30/11/2009,1.1008
01/12/2009,1.0998
02/12/2009,1.1047
03/12/2009,1.1005
04/12/2009,1.1087
06/12/2009,1.1073
07/12/2009,1.1064
08/12/2009,1.1079
09/12/2009,1.10425
10/12/2009,1.1039
11/12/2009,1.10805
13/12/2009,1.1112
14/12/2009,1.1093
15/12/2009,1.1174
16/12/2009,1.1245
17/12/2009,1.12765
18/12/2009,1.12825
20/12/2009,1.12628
21/12/2009,1.12315
22/12/2009,1.12055
23/12/2009,1.11645
24/12/2009,1.11075
25/12/2009,1.10756
27/12/2009,1.11004
28/12/2009,1.10945
29/12/2009,1.10795
30/12/2009,1.12125
31/12/2009,1.1287
01/01/2010,1.12887
03/01/2010,1.12554
04/01/2010,1.11735
05/01/2010,1.1129
06/01/2010,1.11105
07/01/2010,1.11215
08/01/2010,1.11435
10/01/2010,1.11414
11/01/2010,1.10955
12/01/2010,1.11105
13/01/2010,1.11785
14/01/2010,1.1221
15/01/2010,1.13255
17/01/2010,1.13389
18/01/2010,1.1349
19/01/2010,1.14725
20/01/2010,1.15385
21/01/2010,1.14925
22/01/2010,1.13965
24/01/2010,1.13767
25/01/2010,1.14675
26/01/2010,1.1466
27/01/2010,1.15225
28/01/2010,1.15455
29/01/2010,1.1536
31/01/2010,1.15081
01/02/2010,1.14075
02/02/2010,1.14715
03/02/2010,1.14515
04/02/2010,1.146
05/02/2010,1.14755
07/02/2010,1.14229
08/02/2010,1.14195
09/02/2010,1.1368
10/02/2010,1.1349
11/02/2010,1.1333
12/02/2010,1.14775
14/02/2010,1.15025
15/02/2010,1.1514
16/02/2010,1.14375
17/02/2010,1.15165
18/02/2010,1.14945
19/02/2010,1.13695
21/02/2010,1.1352
22/02/2010,1.13905
23/02/2010,1.13965
24/02/2010,1.14155
25/02/2010,1.13175
26/02/2010,1.1168
28/02/2010,1.11308
01/03/2010,1.11345
02/03/2010,1.1032
03/03/2010,1.1013
04/03/2010,1.1018
05/03/2010,1.10635
07/03/2010,1.1106
08/03/2010,1.1088
09/03/2010,1.1024
10/03/2010,1.09795
11/03/2010,1.10135
12/03/2010,1.09955
14/03/2010,1.10289
15/03/2010,1.1036
16/03/2010,1.10765
17/03/2010,1.11285
18/03/2010,1.12025
19/03/2010,1.11205
21/03/2010,1.10948
22/03/2010,1.11355
23/03/2010,1.11305
24/03/2010,1.11665
25/03/2010,1.11785
26/03/2010,1.11185
29/03/2010,1.11365
30/03/2010,1.11245
31/03/2010,1.12165
01/04/2010,1.1289
02/04/2010,1.12605
05/04/2010,1.13416
06/04/2010,1.13175
07/04/2010,1.1377
08/04/2010,1.14215
09/04/2010,1.14085
12/04/2010,1.13195
13/04/2010,1.13145
14/04/2010,1.13285
15/04/2010,1.1394
16/04/2010,1.1424
19/04/2010,1.13305
20/04/2010,1.14095
21/04/2010,1.15155
22/04/2010,1.15385
23/04/2010,1.15835
26/04/2010,1.15875
27/04/2010,1.1584
28/04/2010,1.15145
29/04/2010,1.15205
30/04/2010,1.14885
03/05/2010,1.1559
04/05/2010,1.16125
05/05/2010,1.17405
06/05/2010,1.17585
07/05/2010,1.1556
10/05/2010,1.15145
11/05/2010,1.1768
12/05/2010,1.1745
13/05/2010,1.16575
14/05/2010,1.1722
17/05/2010,1.16855
18/05/2010,1.17185
19/05/2010,1.1752
20/05/2010,1.158
21/05/2010,1.1434
24/05/2010,1.1587
25/05/2010,1.17305
26/05/2010,1.16725
27/05/2010,1.18345
28/05/2010,1.17555
31/05/2010,1.174
01/06/2010,1.1988
02/06/2010,1.1976
03/06/2010,1.19795
04/06/2010,1.2097
07/06/2010,1.2093
08/06/2010,1.2121
09/06/2010,1.21165
10/06/2010,1.21225
11/06/2010,1.2042
14/06/2010,1.19995
15/06/2010,1.20725
16/06/2010,1.2034
17/06/2010,1.1965
18/06/2010,1.19635
21/06/2010,1.1981
22/06/2010,1.1995
23/06/2010,1.20875
24/06/2010,1.2139
25/06/2010,1.2138
28/06/2010,1.2149
29/06/2010,1.23045
30/06/2010,1.2338
01/07/2010,1.2237
02/07/2010,1.2105
05/07/2010,1.2104
06/07/2010,1.2099
07/07/2010,1.20045
08/07/2010,1.20015
09/07/2010,1.1909
12/07/2010,1.19215
13/07/2010,1.1927
14/07/2010,1.19795
15/07/2010,1.20035
16/07/2010,1.1937
19/07/2010,1.1793
20/07/2010,1.1849
21/07/2010,1.18665
22/07/2010,1.1846
23/07/2010,1.19795
26/07/2010,1.1957
27/07/2010,1.1911
28/07/2010,1.19935
29/07/2010,1.2005
30/07/2010,1.19605
02/08/2010,1.2017
03/08/2010,1.2053
04/08/2010,1.2073
05/08/2010,1.20535
06/08/2010,1.201
09/08/2010,1.2055
10/08/2010,1.2024
11/08/2010,1.21565
12/08/2010,1.2106
13/08/2010,1.2207
16/08/2010,1.219
17/08/2010,1.2204
18/08/2010,1.2132
19/08/2010,1.2148
20/08/2010,1.2207
23/08/2010,1.22495
24/08/2010,1.2175
25/08/2010,1.2206
26/08/2010,1.2221
27/08/2010,1.2186
30/08/2010,1.2194
31/08/2010,1.2078
01/09/2010,1.20735
02/09/2010,1.201
03/09/2010,1.2016
06/09/2010,1.1998
07/09/2010,1.20105
08/09/2010,1.2163
09/09/2010,1.2103
10/09/2010,1.2143
13/09/2010,1.20465
14/09/2010,1.1965
15/09/2010,1.1973
16/09/2010,1.1943
17/09/2010,1.19565
20/09/2010,1.1982
21/09/2010,1.1902
22/09/2010,1.1764
23/09/2010,1.16765
24/09/2010,1.17255
27/09/2010,1.1754
28/09/2010,1.1756
29/09/2010,1.16465
30/09/2010,1.1649
01/10/2010,1.15295
03/10/2010,1.14768
04/10/2010,1.15685
05/10/2010,1.1498
06/10/2010,1.14275
07/10/2010,1.14435
08/10/2010,1.14295
10/10/2010,1.14064
11/10/2010,1.1408
12/10/2010,1.14605
13/10/2010,1.1383
14/10/2010,1.1369
15/10/2010,1.1453
17/10/2010,1.14444
18/10/2010,1.1459
19/10/2010,1.14335
20/10/2010,1.14145
21/10/2010,1.12675
22/10/2010,1.12515
24/10/2010,1.12351
25/10/2010,1.1266
26/10/2010,1.143
27/10/2010,1.14485
28/10/2010,1.14665
29/10/2010,1.14965
31/10/2010,1.14856
01/11/2010,1.14945
02/11/2010,1.15275
03/11/2010,1.1447
04/11/2010,1.13615
05/11/2010,1.14025
08/11/2010,1.1578
09/11/2010,1.1593
10/11/2010,1.1676
11/11/2010,1.1733
12/11/2010,1.1732
14/11/2010,1.17878
15/11/2010,1.18065
16/11/2010,1.17705
17/11/2010,1.1753
18/11/2010,1.17315
19/11/2010,1.17105
21/11/2010,1.16497
22/11/2010,1.1716
23/11/2010,1.1808
24/11/2010,1.1819
25/11/2010,1.18015
26/11/2010,1.1842
29/11/2010,1.1883
30/11/2010,1.1986
01/12/2010,1.1991
02/12/2010,1.18945
03/12/2010,1.18095
05/12/2010,1.17597
06/12/2010,1.18125
07/12/2010,1.1818
08/12/2010,1.1922
09/12/2010,1.18915
10/12/2010,1.19025
13/12/2010,1.18515
14/12/2010,1.1845
15/12/2010,1.17035
16/12/2010,1.18095
17/12/2010,1.1769
19/12/2010,1.17812
20/12/2010,1.181
21/12/2010,1.1809
22/12/2010,1.1746
23/12/2010,1.17615
24/12/2010,1.1769
26/12/2010,1.17775
27/12/2010,1.17
28/12/2010,1.1694
29/12/2010,1.1726
30/12/2010,1.16085
31/12/2010,1.1612
02/01/2011,1.16654
03/01/2011,1.16345
04/01/2011,1.1714
05/01/2011,1.17685
06/01/2011,1.1896
07/01/2011,1.2025
09/01/2011,1.20506
10/01/2011,1.20245
11/01/2011,1.2033
12/01/2011,1.2043
13/01/2011,1.18895
14/01/2011,1.19085
16/01/2011,1.188
17/01/2011,1.19415
18/01/2011,1.1937
19/01/2011,1.18465
20/01/2011,1.18645
21/01/2011,1.1799
23/01/2011,1.17478
24/01/2011,1.17515
25/01/2011,1.15925
26/01/2011,1.15485
27/01/2011,1.1604
28/01/2011,1.16175
30/01/2011,1.16508
31/01/2011,1.17075
01/02/2011,1.17135
02/02/2011,1.1725
03/02/2011,1.1738
04/02/2011,1.1851
06/02/2011,1.18635
07/02/2011,1.1892
08/02/2011,1.18625
09/02/2011,1.177
10/02/2011,1.1834
11/02/2011,1.1817
13/02/2011,1.18317
14/02/2011,1.18985
15/02/2011,1.1961
16/02/2011,1.1851
17/02/2011,1.1889
18/02/2011,1.1854
20/02/2011,1.18687
21/02/2011,1.1858
22/02/2011,1.1814
23/02/2011,1.17905
24/02/2011,1.16945
25/02/2011,1.169
27/02/2011,1.16997
28/02/2011,1.1778
01/03/2011,1.18065
02/03/2011,1.17755
03/03/2011,1.165
04/03/2011,1.16315
06/03/2011,1.16268
07/03/2011,1.1594
08/03/2011,1.16235
09/03/2011,1.1647
10/03/2011,1.16395
11/03/2011,1.15615
13/03/2011,1.15293
14/03/2011,1.1558
15/03/2011,1.14895
16/03/2011,1.15125
17/03/2011,1.151
18/03/2011,1.14505
20/03/2011,1.14482
21/03/2011,1.1473
22/03/2011,1.15155
23/03/2011,1.15195
24/03/2011,1.1371
25/03/2011,1.13825
27/03/2011,1.14103
28/03/2011,1.13555
29/03/2011,1.13435
30/03/2011,1.1378
31/03/2011,1.1314
01/04/2011,1.13265
04/04/2011,1.13455
05/04/2011,1.1424
06/04/2011,1.13985
07/04/2011,1.14335
08/04/2011,1.1299
11/04/2011,1.13595
12/04/2011,1.123
13/04/2011,1.12645
14/04/2011,1.12875
15/04/2011,1.1333
18/04/2011,1.14275
19/04/2011,1.1385
20/04/2011,1.12965
21/04/2011,1.1348
22/04/2011,1.13515
25/04/2011,1.1318
26/04/2011,1.1253
27/04/2011,1.1246
28/04/2011,1.1222
29/04/2011,1.1286
02/05/2011,1.1228
03/05/2011,1.1118
04/05/2011,1.114
05/05/2011,1.13115
06/05/2011,1.14175
09/05/2011,1.14215
10/05/2011,1.13835
11/05/2011,1.15155
12/05/2011,1.1435
13/05/2011,1.14725
16/05/2011,1.14395
17/05/2011,1.1415
18/05/2011,1.13515
19/05/2011,1.13475
20/05/2011,1.14755
23/05/2011,1.14795
24/05/2011,1.1474
25/05/2011,1.15525
26/05/2011,1.1624
27/05/2011,1.1541
30/05/2011,1.1533
31/05/2011,1.14275
01/06/2011,1.13875
02/06/2011,1.13135
03/06/2011,1.12235
06/06/2011,1.1236
07/06/2011,1.11915
08/06/2011,1.12385
09/06/2011,1.12755
10/06/2011,1.1312
13/06/2011,1.13445
14/06/2011,1.1353
15/06/2011,1.14185
16/06/2011,1.1424
17/06/2011,1.1323
20/06/2011,1.1327
21/06/2011,1.124
22/06/2011,1.1193
23/06/2011,1.12415
24/06/2011,1.1251
27/06/2011,1.1196
28/06/2011,1.1137
29/06/2011,1.11135
30/06/2011,1.103
01/07/2011,1.10225
04/07/2011,1.1072
05/07/2011,1.11305
06/07/2011,1.1175
07/07/2011,1.112
08/07/2011,1.1251
11/07/2011,1.1301
12/07/2011,1.1397
13/07/2011,1.13375
14/07/2011,1.14145
15/07/2011,1.14
18/07/2011,1.1401
19/07/2011,1.1354
20/07/2011,1.13615
21/07/2011,1.1316
22/07/2011,1.1352
25/07/2011,1.1321
26/07/2011,1.1317
27/07/2011,1.13545
28/07/2011,1.1409
29/07/2011,1.14095
01/08/2011,1.14095
02/08/2011,1.14765
03/08/2011,1.1467
04/08/2011,1.1507
05/08/2011,1.1475
08/08/2011,1.15425
09/08/2011,1.1355
10/08/2011,1.1439
11/08/2011,1.13425
12/08/2011,1.1421
15/08/2011,1.13445
16/08/2011,1.1422
17/08/2011,1.1462
18/08/2011,1.1522
19/08/2011,1.14355
22/08/2011,1.14605
23/08/2011,1.14045
24/08/2011,1.13145
25/08/2011,1.13015
26/08/2011,1.12895
29/08/2011,1.13065
30/08/2011,1.1296
31/08/2011,1.12985
01/09/2011,1.13445
02/09/2011,1.14075
05/09/2011,1.143
06/09/2011,1.14295
07/09/2011,1.1351
08/09/2011,1.1336
09/09/2011,1.16115
12/09/2011,1.1624
13/09/2011,1.15595
14/09/2011,1.1496
15/09/2011,1.13955
16/09/2011,1.1453
19/09/2011,1.1499
20/09/2011,1.14895
21/09/2011,1.1373
22/09/2011,1.14025
23/09/2011,1.1456
26/09/2011,1.1538
27/09/2011,1.1481
28/09/2011,1.1489
29/09/2011,1.1496
30/09/2011,1.16073
03/10/2011,1.1659
04/10/2011,1.1605
05/10/2011,1.15885
06/10/2011,1.1479
07/10/2011,1.1575
10/10/2011,1.1476
11/10/2011,1.1453
12/10/2011,1.1436
13/10/2011,1.14400617
14/10/2011,1.13965059
17/10/2011,1.14619362
18/10/2011,1.14340739
19/10/2011,1.14634062
20/10/2011,1.1462178
21/10/2011,1.14817754
24/10/2011,1.14796331
25/10/2011,1.15062195
26/10/2011,1.148816
27/10/2011,1.13542397
28/10/2011,1.14022695
31/10/2011,1.16055178
01/11/2011,1.16495835
02/11/2011,1.16113281
03/11/2011,1.16051264
04/11/2011,1.1622857
07/11/2011,1.16611108
08/11/2011,1.16359437
09/11/2011,1.17582236
10/11/2011,1.17089841
11/11/2011,1.16828486
14/11/2011,1.16730545
15/11/2011,1.1691745
16/11/2011,1.1688643
17/11/2011,1.17010769
18/11/2011,1.1687309
21/11/2011,1.15959974
22/11/2011,1.15765719
23/11/2011,1.16367081
24/11/2011,1.16098467
25/11/2011,1.16703836
28/11/2011,1.16443326
29/11/2011,1.17078799
30/11/2011,1.16784492
01/12/2011,1.16537194
02/12/2011,1.16512947
05/12/2011,1.16788838
06/12/2011,1.16380118
07/12/2011,1.17115863
08/12/2011,1.170888
09/12/2011,1.17061973
12/12/2011,1.18297781
13/12/2011,1.1878788
14/12/2011,1.19143532
15/12/2011,1.19168849
16/12/2011,1.19198782
19/12/2011,1.19253321
20/12/2011,1.19737801
21/12/2011,1.20148714
22/12/2011,1.20110333
23/12/2011,1.19471179
26/12/2011,1.19642285
27/12/2011,1.19913149
28/12/2011,1.194192
29/12/2011,1.18961596
30/12/2011,1.20036298
02/01/2012,1.19923876
03/01/2012,1.19878963
04/01/2012,1.20672854
05/01/2012,1.21134309
06/01/2012,1.21228445
09/01/2012,1.21087394
10/01/2012,1.21193507
11/01/2012,1.20604321
12/01/2012,1.1965901
13/01/2012,1.20805246
16/01/2012,1.20996289
17/01/2012,1.20361028
18/01/2012,1.20038125
19/01/2012,1.1943667
20/01/2012,1.20426001
23/01/2012,1.1957983
24/01/2012,1.19867631
25/01/2012,1.19466941
26/01/2012,1.19730672
27/01/2012,1.19000802
30/01/2012,1.19559347
31/01/2012,1.20442758
01/02/2012,1.20321103
02/02/2012,1.20236206
03/02/2012,1.20137551
06/02/2012,1.20547113
07/02/2012,1.19902712
08/02/2012,1.19317971
09/02/2012,1.19046741
10/02/2012,1.19382467
13/02/2012,1.19581264
14/02/2012,1.19536911
15/02/2012,1.20160058
16/02/2012,1.20332729
17/02/2012,1.20410733
20/02/2012,1.1966894
21/02/2012,1.19228404
22/02/2012,1.18270186
23/02/2012,1.1774022
24/02/2012,1.18033111
26/02/2012,1.17965
27/02/2012,1.18103634
28/02/2012,1.18107339
29/02/2012,1.1948195
01/03/2012,1.19816033
02/03/2012,1.19978943
04/03/2012,1.19998
05/03/2012,1.2002626
06/03/2012,1.19850603
07/03/2012,1.19701176
08/03/2012,1.19254171
09/03/2012,1.19455142
11/03/2012,1.19419
12/03/2012,1.18876148
13/03/2012,1.20098988
14/03/2012,1.20235583
15/03/2012,1.20097884
16/03/2012,1.20207203
18/03/2012,1.20176
19/03/2012,1.20072694
20/03/2012,1.19888656
21/03/2012,1.20093088
22/03/2012,1.19854532
23/03/2012,1.19584064
25/03/2012,1.19592
26/03/2012,1.19549272
27/03/2012,1.19739461
28/03/2012,1.19336068
29/03/2012,1.19921065
30/03/2012,1.200264
02/04/2012,1.20315769
03/04/2012,1.20226677
04/04/2012,1.20937138
05/04/2012,1.2114199
06/04/2012,1.21191189
09/04/2012,1.21267848
10/04/2012,1.21269549
11/04/2012,1.21339138
12/04/2012,1.21019047
13/04/2012,1.21250247
16/04/2012,1.210441
17/04/2012,1.21306419
18/04/2012,1.22093174
19/04/2012,1.22218037
20/04/2012,1.21956301
23/04/2012,1.22558525
24/04/2012,1.22346052
25/04/2012,1.22273489
26/04/2012,1.22667097
27/04/2012,1.22751087
30/04/2012,1.22616116
01/05/2012,1.22526913
02/05/2012,1.23158219
03/05/2012,1.23031747
04/05/2012,1.23437031
07/05/2012,1.24026498
08/05/2012,1.24257356
09/05/2012,1.24717804
10/05/2012,1.24738038
11/05/2012,1.24355729
14/05/2012,1.25499343
15/05/2012,1.25634303
16/05/2012,1.25116085
17/05/2012,1.24406287
18/05/2012,1.23943086
21/05/2012,1.23537176
22/05/2012,1.24286509
23/05/2012,1.24652055
24/05/2012,1.24977274
25/05/2012,1.2515882
28/05/2012,1.25060799
29/05/2012,1.25208224
30/05/2012,1.25146531
31/05/2012,1.24623839
01/06/2012,1.23547397
04/06/2012,1.2311885
05/06/2012,1.23504822
06/06/2012,1.23154535
07/06/2012,1.23653594
08/06/2012,1.23607778
11/06/2012,1.24120702
12/06/2012,1.24499146
13/06/2012,1.23433942
14/06/2012,1.23154898
15/06/2012,1.24313576
18/06/2012,1.24581582
19/06/2012,1.23939981
20/06/2012,1.23668571
21/06/2012,1.2430866
22/06/2012,1.23974873
25/06/2012,1.24564178
26/06/2012,1.25165113
27/06/2012,1.24852137
28/06/2012,1.2471363
29/06/2012,1.2405529
02/07/2012,1.24702804
03/07/2012,1.24439088
04/07/2012,1.24495129
05/07/2012,1.25287753
06/07/2012,1.26061064
09/07/2012,1.26077409
10/07/2012,1.26638654
11/07/2012,1.26682497
12/07/2012,1.26496971
13/07/2012,1.27143217
16/07/2012,1.27402679
17/07/2012,1.27349395
18/07/2012,1.27460676
19/07/2012,1.28061745
20/07/2012,1.28500339
23/07/2012,1.27986168
24/07/2012,1.28553964
25/07/2012,1.27515122
26/07/2012,1.27735185
27/07/2012,1.27763769
30/07/2012,1.28141372
31/07/2012,1.27457614
01/08/2012,1.27041132
02/08/2012,1.27354953
03/08/2012,1.26255256
06/08/2012,1.25847148
07/08/2012,1.26002743
08/08/2012,1.26637983
09/08/2012,1.2708579
10/08/2012,1.27642362
13/08/2012,1.27159361
14/08/2012,1.2723672
15/08/2012,1.27637213
16/08/2012,1.27352558
17/08/2012,1.27227411
20/08/2012,1.27241438
21/08/2012,1.26571167
22/08/2012,1.26748877
23/08/2012,1.26225573
24/08/2012,1.26329467
27/08/2012,1.26335161
28/08/2012,1.25898896
29/08/2012,1.26309493
30/08/2012,1.26200281
31/08/2012,1.26135768
03/09/2012,1.26213889
04/09/2012,1.26314956
05/09/2012,1.26193217
06/09/2012,1.26152565
07/09/2012,1.25035117
10/09/2012,1.25312362
11/09/2012,1.25030543
12/09/2012,1.24889149
13/09/2012,1.24355128
14/09/2012,1.23502267
17/09/2012,1.23888645
18/09/2012,1.24520488
19/09/2012,1.2431688
20/09/2012,1.25055919
21/09/2012,1.25184997
24/09/2012,1.25479961
25/09/2012,1.2550494
26/09/2012,1.25605404
27/09/2012,1.25712509
28/09/2012,1.25702982
01/10/2012,1.25196913
02/10/2012,1.24874598
03/10/2012,1.24569083
04/10/2012,1.24412342
05/10/2012,1.23800982
07/10/2012,1.23911
08/10/2012,1.23549328
09/10/2012,1.24230935
10/10/2012,1.24492603
11/10/2012,1.24111374
12/10/2012,1.24070953
14/10/2012,1.2412
15/10/2012,1.24148458
16/10/2012,1.23117045
17/10/2012,1.23059683
18/10/2012,1.22791517
19/10/2012,1.22906517
21/10/2012,1.22882
22/10/2012,1.22561513
23/10/2012,1.22861
24/10/2012,1.23652666
25/10/2012,1.2458804
26/10/2012,1.24390454
28/10/2012,1.2448
29/10/2012,1.24255673
30/10/2012,1.24059861
31/10/2012,1.24483029
01/11/2012,1.24628939
02/11/2012,1.24844192
04/11/2012,1.2494
05/11/2012,1.24869018
06/11/2012,1.24851195
07/11/2012,1.25109604
08/11/2012,1.25390364
09/11/2012,1.25000009
11/11/2012,1.25071
12/11/2012,1.24939026
13/11/2012,1.24964574
14/11/2012,1.24424
15/11/2012,1.24124716
16/11/2012,1.24732061
18/11/2012,1.24688
19/11/2012,1.2446453
20/11/2012,1.24268948
21/11/2012,1.24362785
22/11/2012,1.23765126
23/11/2012,1.23560746
26/11/2012,1.23429358
27/11/2012,1.23810851
28/11/2012,1.23665007
29/11/2012,1.2364266
30/11/2012,1.2336028
02/12/2012,1.236092
03/12/2012,1.23286101
04/12/2012,1.22953646
05/12/2012,1.23133461
06/12/2012,1.23780593
07/12/2012,1.24076439
09/12/2012,1.24356
10/12/2012,1.2422627
11/12/2012,1.23902687
12/12/2012,1.23480229
13/12/2012,1.23217064
14/12/2012,1.22867356
16/12/2012,1.228107
17/12/2012,1.23095426
18/12/2012,1.2284169
19/12/2012,1.2307745
20/12/2012,1.22868933
21/12/2012,1.22644881
23/12/2012,1.226059
24/12/2012,1.22260158
25/12/2012,1.2237397
26/12/2012,1.22033407
27/12/2012,1.21680498
28/12/2012,1.22282164
30/12/2012,1.223626
31/12/2012,1.23048555
01/01/2013,1.23033672
02/01/2013,1.23234805
03/01/2013,1.23321192
04/01/2013,1.23001284
06/01/2013,1.229428
07/01/2013,1.22853385
08/01/2013,1.22774898
09/01/2013,1.22698708
10/01/2013,1.21820562
11/01/2013,1.20904535
13/01/2013,1.207335
14/01/2013,1.20124972
15/01/2013,1.20803726
16/01/2013,1.2042823
17/01/2013,1.1961982
18/01/2013,1.19187233
20/01/2013,1.189954
21/01/2013,1.18904421
22/01/2013,1.18891259
23/01/2013,1.18956751
24/01/2013,1.18030491
25/01/2013,1.17389891
27/01/2013,1.172974
28/01/2013,1.16687615
29/01/2013,1.16839247
30/01/2013,1.16405665
31/01/2013,1.16705733
01/02/2013,1.15015572
03/02/2013,1.149689
04/02/2013,1.16617981
05/02/2013,1.15296546
06/02/2013,1.15856515
07/02/2013,1.173258
08/02/2013,1.18217671
10/02/2013,1.181179
11/02/2013,1.16797289
12/02/2013,1.16502836
13/02/2013,1.15550873
14/02/2013,1.15986679
15/02/2013,1.16135926
17/02/2013,1.165817
18/02/2013,1.15870315
19/02/2013,1.15242046
20/02/2013,1.14662507
21/02/2013,1.1560002
22/02/2013,1.14671682
24/02/2013,1.145044
25/02/2013,1.16092242
26/02/2013,1.15828318
27/02/2013,1.15435334
28/02/2013,1.1604955
01/03/2013,1.15490317
03/03/2013,1.154975
04/03/2013,1.16042604
05/03/2013,1.15980411
06/03/2013,1.15491928
07/03/2013,1.14536099
08/03/2013,1.14802344
10/03/2013,1.147672
11/03/2013,1.14389294
12/03/2013,1.14372418
13/03/2013,1.15128985
14/03/2013,1.15957571
15/03/2013,1.15554306
17/03/2013,1.171462
18/03/2013,1.16610207
19/03/2013,1.17374489
20/03/2013,1.16681616
21/03/2013,1.17620173
22/03/2013,1.17284934
24/03/2013,1.173859
25/03/2013,1.18043021
26/03/2013,1.17895478
27/03/2013,1.18385972
28/03/2013,1.18529704
29/03/2013,1.18602628
31/03/2013,1.186846
01/04/2013,1.18529335
02/04/2013,1.17779958
03/04/2013,1.17804665
04/04/2013,1.17791224
05/04/2013,1.18071596
08/04/2013,1.1724819
09/04/2013,1.17113759
10/04/2013,1.17286344
11/04/2013,1.17382305
12/04/2013,1.17075357
15/04/2013,1.17192915
16/04/2013,1.16578966
17/04/2013,1.16939214
18/04/2013,1.17101307
19/04/2013,1.16669228
22/04/2013,1.17046252
23/04/2013,1.17229659
24/04/2013,1.17317536
25/04/2013,1.18654425
26/04/2013,1.18596984
29/04/2013,1.18334914
30/04/2013,1.17972509
01/05/2013,1.18019802
02/05/2013,1.1891982
03/05/2013,1.18726466
06/05/2013,1.18869007
07/05/2013,1.18410439
08/05/2013,1.18106857
09/05/2013,1.18466649
10/05/2013,1.18221358
13/05/2013,1.17875028
14/05/2013,1.17650107
15/05/2013,1.18196397
16/05/2013,1.18556853
17/05/2013,1.18206975
20/05/2013,1.18432852
21/05/2013,1.17386694
22/05/2013,1.17045275
23/05/2013,1.16819705
24/05/2013,1.16937898
27/05/2013,1.16847729
28/05/2013,1.16969442
29/05/2013,1.16905806
30/05/2013,1.16788019
31/05/2013,1.1696936
03/06/2013,1.17171306
04/06/2013,1.17061623
05/06/2013,1.17667052
06/06/2013,1.17778752
07/06/2013,1.17682889
10/06/2013,1.17461276
11/06/2013,1.17523825
12/06/2013,1.17558187
13/06/2013,1.17538512
14/06/2013,1.17652572
17/06/2013,1.17618362
18/06/2013,1.16764347
19/06/2013,1.16507241
20/06/2013,1.17246927
21/06/2013,1.17499837
24/06/2013,1.17615238
25/06/2013,1.1788646
26/06/2013,1.17740945
27/06/2013,1.17048229
28/06/2013,1.16884173
01/07/2013,1.16509279
02/07/2013,1.16747363
03/07/2013,1.17444083
04/07/2013,1.16739211
05/07/2013,1.16079788
08/07/2013,1.16164111
09/07/2013,1.16259337
10/07/2013,1.15640554
11/07/2013,1.15946598
12/07/2013,1.15579186
15/07/2013,1.15557942
16/07/2013,1.15180068
17/07/2013,1.15923814
18/07/2013,1.16141706
19/07/2013,1.16182723
22/07/2013,1.16482146
23/07/2013,1.16281887
24/07/2013,1.1602652
25/07/2013,1.15876372
26/07/2013,1.15859682
29/07/2013,1.1566575
30/07/2013,1.14891816
31/07/2013,1.14296242
01/08/2013,1.14428673
02/08/2013,1.15109791
05/08/2013,1.15834531
06/08/2013,1.15367858
07/08/2013,1.16155013
08/08/2013,1.16128823
09/08/2013,1.16262426
12/08/2013,1.16254184
13/08/2013,1.16481277
14/08/2013,1.16926243
15/08/2013,1.17163601
16/08/2013,1.17174673
19/08/2013,1.17352095
20/08/2013,1.16754858
21/08/2013,1.17236878
22/08/2013,1.16692251
23/08/2013,1.16367788
26/08/2013,1.16505639
27/08/2013,1.16094973
28/08/2013,1.16381052
29/08/2013,1.17095919
30/08/2013,1.17263593
02/09/2013,1.17814954
03/09/2013,1.18175609
04/09/2013,1.18331568
05/09/2013,1.18841698
06/09/2013,1.18642597
09/09/2013,1.1841613
10/09/2013,1.18604907
11/09/2013,1.18902372
12/09/2013,1.18825746
13/09/2013,1.19451558
16/09/2013,1.19189539
17/09/2013,1.19089277
18/09/2013,1.19459667
19/09/2013,1.18467844
20/09/2013,1.18338456
23/09/2013,1.18886177
24/09/2013,1.1879966
25/09/2013,1.18902074
26/09/2013,1.18905255
27/09/2013,1.19422473
30/09/2013,1.19670935
01/10/2013,1.19730135
02/10/2013,1.19495597
03/10/2013,1.18626391
04/10/2013,1.18114102
06/10/2013,1.18224
07/10/2013,1.18501199
08/10/2013,1.18499967
09/10/2013,1.17936724
10/10/2013,1.18106452
11/10/2013,1.1777626
12/10/2013,1.17780181
13/10/2013,1.17766404
14/10/2013,1.17846992
15/10/2013,1.18275663
16/10/2013,1.17878494
17/10/2013,1.18220784
18/10/2013,1.18212057
19/10/2013,1.18127821
20/10/2013,1.18208689
21/10/2013,1.18024253
22/10/2013,1.17812052
23/10/2013,1.17347105
24/10/2013,1.17392758
25/10/2013,1.17107205
26/10/2013,1.17141043
27/10/2013,1.17159099
28/10/2013,1.17049911
29/10/2013,1.16749701
30/10/2013,1.16799622
31/10/2013,1.18074945
01/11/2013,1.18054173
02/11/2013,1.18065088
03/11/2013,1.18064063
04/11/2013,1.18140779
05/11/2013,1.19107005
06/11/2013,1.1900102
07/11/2013,1.19979877
08/11/2013,1.19813728
09/11/2013,1.19831967
10/11/2013,1.19800319
11/11/2013,1.19218008
12/11/2013,1.18392551
13/11/2013,1.18947319
14/11/2013,1.19351223
15/11/2013,1.19449007
16/11/2013,1.1945172
17/11/2013,1.19476067
18/11/2013,1.19307539
19/11/2013,1.19057823
20/11/2013,1.19822894
21/11/2013,1.20150978
22/11/2013,1.19656376
23/11/2013,1.196644
24/11/2013,1.19742891
25/11/2013,1.19548658
26/11/2013,1.19474173
27/11/2013,1.19985564
28/11/2013,1.20103667
29/11/2013,1.20442268
30/11/2013,1.20452897
01/12/2013,1.20480693
02/12/2013,1.20781762
03/12/2013,1.20553942
04/12/2013,1.2054833
05/12/2013,1.1949534
06/12/2013,1.193053
07/12/2013,1.19293145
08/12/2013,1.19210999
09/12/2013,1.1955446
10/12/2013,1.19529041
11/12/2013,1.18790808
12/12/2013,1.18879314
13/12/2013,1.18670663
14/12/2013,1.18629457
15/12/2013,1.18662025
16/12/2013,1.18426073
17/12/2013,1.18152607
18/12/2013,1.19775556
19/12/2013,1.19844047
20/12/2013,1.19455233
21/12/2013,1.19461981
22/12/2013,1.19447872
23/12/2013,1.19390566
24/12/2013,1.19638041
25/12/2013,1.19522002
26/12/2013,1.19903588
27/12/2013,1.19753987
28/12/2013,1.19845087
29/12/2013,1.19756667
30/12/2013,1.19545124
31/12/2013,1.20471432
01/01/2014,1.20432425
02/01/2014,1.20366984
03/01/2014,1.20796612
04/01/2014,1.20797647
05/01/2014,1.2067427
06/01/2014,1.20379582
07/01/2014,1.20459059
08/01/2014,1.21136908
09/01/2014,1.21098211
10/01/2014,1.20606902
11/01/2014,1.20604512
12/01/2014,1.20569907
13/01/2014,1.19913659
14/01/2014,1.2019892
15/01/2014,1.20326756
16/01/2014,1.20101947
17/01/2014,1.21324162
18/01/2014,1.21297761
19/01/2014,1.21298334
20/01/2014,1.21178599
21/01/2014,1.21514982
22/01/2014,1.22324334
23/01/2014,1.21502312
24/01/2014,1.20504755
25/01/2014,1.2056575
26/01/2014,1.20454232
27/01/2014,1.21260887
28/01/2014,1.21354674
29/01/2014,1.21179015
30/01/2014,1.2165121
31/01/2014,1.21842607
01/02/2014,1.21869772
02/02/2014,1.21856745
03/02/2014,1.20534856
04/02/2014,1.20808947
05/02/2014,1.2048184
06/02/2014,1.20075049
07/02/2014,1.20350552
08/02/2014,1.2038009
09/02/2014,1.20469848
10/02/2014,1.202353
11/02/2014,1.20605338
12/02/2014,1.22225615
13/02/2014,1.21758345
14/02/2014,1.22308812
15/02/2014,1.22285434
16/02/2014,1.22326193
17/02/2014,1.21937083
18/02/2014,1.212271
19/02/2014,1.21456163
20/02/2014,1.2138637
21/02/2014,1.20944035
22/02/2014,1.21014828
23/02/2014,1.21072248
24/02/2014,1.21283359
25/02/2014,1.2133883
26/02/2014,1.217967
27/02/2014,1.21733105
28/02/2014,1.21316855
01/03/2014,1.21296981
02/03/2014,1.21489636
03/03/2014,1.21313266
04/03/2014,1.21277766
05/03/2014,1.21739922
06/03/2014,1.2076908
07/03/2014,1.20481896
08/03/2014,1.2050004
09/03/2014,1.20533315
10/03/2014,1.19967285
11/03/2014,1.19917386
12/03/2014,1.19567675
13/03/2014,1.19869487
14/03/2014,1.19661721
15/03/2014,1.19663442
16/03/2014,1.19630986
17/03/2014,1.19458447
18/03/2014,1.19120926
19/03/2014,1.19613695
20/03/2014,1.19794608
21/03/2014,1.19516606
22/03/2014,1.19522829
23/03/2014,1.19519386
24/03/2014,1.19198318
25/03/2014,1.195701
26/03/2014,1.20238749
27/03/2014,1.20842171
28/03/2014,1.20979006
29/03/2014,1.20985283
30/03/2014,1.2100417
31/03/2014,1.20993144
01/04/2014,1.20561369
02/04/2014,1.20762612
03/04/2014,1.20969565
04/04/2014,1.20943627
05/04/2014,1.20959039
06/04/2014,1.2098173
07/04/2014,1.20857198
08/04/2014,1.21411487
09/04/2014,1.21218904
10/04/2014,1.20874952
11/04/2014,1.20509617
12/04/2014,1.20510871
13/04/2014,1.20802491
14/04/2014,1.21011509
15/04/2014,1.21089495
16/04/2014,1.21587477
17/04/2014,1.21578813
18/04/2014,1.21559508
19/04/2014,1.21566549
20/04/2014,1.21608233
21/04/2014,1.21758046
22/04/2014,1.218791
23/04/2014,1.21435812
24/04/2014,1.21470969
25/04/2014,1.214717
26/04/2014,1.21456254
27/04/2014,1.21376608
28/04/2014,1.21357713
29/04/2014,1.21804322
30/04/2014,1.21690089
01/05/2014,1.21790804
02/05/2014,1.2165115
03/05/2014,1.21644133
04/05/2014,1.2164843
05/05/2014,1.21573999
06/05/2014,1.21879152
07/05/2014,1.21874395
08/05/2014,1.22360615
09/05/2014,1.22499644
10/05/2014,1.22478729
11/05/2014,1.2247509
12/05/2014,1.22601912
13/05/2014,1.22785154
14/05/2014,1.22256048
15/05/2014,1.22468182
16/05/2014,1.22806577
17/05/2014,1.22784032
18/05/2014,1.22781531
19/05/2014,1.22655027
20/05/2014,1.22922223
21/05/2014,1.23474527
22/05/2014,1.23517589
23/05/2014,1.23500503
24/05/2014,1.23478581
25/05/2014,1.23558685
26/05/2014,1.23437519
27/05/2014,1.23278696
28/05/2014,1.22937097
29/05/2014,1.22901107
30/05/2014,1.22871295
31/05/2014,1.22921488
01/06/2014,1.22971363
02/06/2014,1.23155
03/06/2014,1.22925
04/06/2014,1.23075
05/06/2014,1.23115
06/06/2014,1.2313
07/06/2014,1.23155696
08/06/2014,1.23175185
09/06/2014,1.236227
10/06/2014,1.2372
11/06/2014,1.24044183
12/06/2014,1.24881941
13/06/2014,1.25306507
14/06/2014,1.25300972
15/06/2014,1.25380209
16/06/2014,1.2511402
17/06/2014,1.25205774
18/06/2014,1.25045999
19/06/2014,1.25223591
20/06/2014,1.25093759
21/06/2014,1.25103878
22/06/2014,1.25201038
23/06/2014,1.25184696
24/06/2014,1.24845626
25/06/2014,1.24576792
26/06/2014,1.25084851
27/06/2014,1.24822334
28/06/2014,1.24812253
29/06/2014,1.24861205
30/06/2014,1.24943226
01/07/2014,1.25387462
02/07/2014,1.25677572
03/07/2014,1.26037263
04/07/2014,1.26225704
05/07/2014,1.26224777
06/07/2014,1.26258879
07/07/2014,1.25898053
08/07/2014,1.2585589
09/07/2014,1.25764452
10/07/2014,1.25903091
11/07/2014,1.25781757
12/07/2014,1.25785409
13/07/2014,1.25821186
14/07/2014,1.25435671
15/07/2014,1.2633821
16/07/2014,1.26695748
17/07/2014,1.26397973
18/07/2014,1.26345609
19/07/2014,1.26337396
20/07/2014,1.26245812
21/07/2014,1.26261694
22/07/2014,1.26717985
23/07/2014,1.2657568
24/07/2014,1.26164667
25/07/2014,1.26340668
26/07/2014,1.26401658
27/07/2014,1.26416198
28/07/2014,1.26366955
29/07/2014,1.26346113
30/07/2014,1.26252452
31/07/2014,1.26119432
01/08/2014,1.25236401
02/08/2014,1.25291388
03/08/2014,1.25304393
04/08/2014,1.25611924
05/08/2014,1.26250814
06/08/2014,1.25913558
07/08/2014,1.25983821
08/08/2014,1.25083897
09/08/2014,1.25085758
10/08/2014,1.25106289
11/08/2014,1.25431759
12/08/2014,1.25770075
13/08/2014,1.24887376
14/08/2014,1.24849416
15/08/2014,1.24595127
16/08/2014,1.24590453
17/08/2014,1.24852993
18/08/2014,1.25187194
19/08/2014,1.24761798
20/08/2014,1.25169525
21/08/2014,1.24834363
22/08/2014,1.25112326
23/08/2014,1.25146318
24/08/2014,1.25403717
25/08/2014,1.25615546
26/08/2014,1.25578629
27/08/2014,1.25646274
28/08/2014,1.25828646
29/08/2014,1.2636552
30/08/2014,1.2636552
31/08/2014,1.26392169
01/09/2014,1.26528625
02/09/2014,1.2541181
03/09/2014,1.25181483
04/09/2014,1.26
05/09/2014,1.26064541
06/09/2014,1.26064541
07/09/2014,1.25170824
08/09/2014,1.24825
09/09/2014,1.24584661
10/09/2014,1.254
11/09/2014,1.2574648
12/09/2014,1.25502536
13/09/2014,1.25502536
14/09/2014,1.25455
15/09/2014,1.25407268
16/09/2014,1.25519955
17/09/2014,1.26595614
18/09/2014,1.27135
19/09/2014,1.26969847
20/09/2014,1.26969847
21/09/2014,1.2702
22/09/2014,1.27390024
23/09/2014,1.2758
24/09/2014,1.27775
25/09/2014,1.2803423
26/09/2014,1.28077681
27/09/2014,1.28077681
28/09/2014,1.2812
29/09/2014,1.2798194
30/09/2014,1.284
01/10/2014,1.28255
02/10/2014,1.27541598
03/10/2014,1.27603906
04/10/2014,1.27603906
05/10/2014,1.27554297
06/10/2014,1.27129307
07/10/2014,1.27011386
08/10/2014,1.26849408
09/10/2014,1.27045
10/10/2014,1.2730089
11/10/2014,1.2730089
12/10/2014,1.27318542
13/10/2014,1.26282736
14/10/2014,1.257
15/10/2014,1.24696505
16/10/2014,1.25693032
17/10/2014,1.26107955
18/10/2014,1.26107955
19/10/2014,1.2623
20/10/2014,1.26275931
21/10/2014,1.26725
22/10/2014,1.26923794
23/10/2014,1.26690965
24/10/2014,1.26984073
25/10/2014,1.26984073
26/10/2014,1.26910946
27/10/2014,1.26946637
28/10/2014,1.26732591
29/10/2014,1.26703586
30/10/2014,1.26883045
31/10/2014,1.27718789
01/11/2014,1.27718789
02/11/2014,1.27765802
03/11/2014,1.27889535
04/11/2014,1.27504811
05/11/2014,1.27945516
06/11/2014,1.27947919
07/11/2014,1.27460754
08/11/2014,1.27447132
09/11/2014,1.27442632
10/11/2014,1.27570112
11/11/2014,1.27640864
12/11/2014,1.26861459
13/11/2014,1.25871118
14/11/2014,1.25137774
15/11/2014,1.25127776
16/11/2014,1.25116918
17/11/2014,1.25616237
18/11/2014,1.2470157
19/11/2014,1.24978669
20/11/2014,1.25111019
21/11/2014,1.26362905
22/11/2014,1.26368004
23/11/2014,1.26459284
24/11/2014,1.26254436
25/11/2014,1.25981101
26/11/2014,1.26254298
27/11/2014,1.26201008
28/11/2014,1.25674795
29/11/2014,1.25676814
30/11/2014,1.25531601
01/12/2014,1.26163787
02/12/2014,1.26311435
03/12/2014,1.27426049
04/12/2014,1.266147
05/12/2014,1.26811022
06/12/2014,1.26811022
07/12/2014,1.26676712
08/12/2014,1.27096704
09/12/2014,1.26607175
10/12/2014,1.26173616
11/12/2014,1.26834071
12/12/2014,1.26104234
13/12/2014,1.26104234
14/12/2014,1.26153217
15/12/2014,1.25740227
16/12/2014,1.25832275
17/12/2014,1.26227183
18/12/2014,1.27492097
19/12/2014,1.27777114
20/12/2014,1.27777114
21/12/2014,1.27835335
22/12/2014,1.27447171
23/12/2014,1.27488145
24/12/2014,1.27609928
25/12/2014,1.27440829
26/12/2014,1.27499521
27/12/2014,1.27499521
28/12/2014,1.27800974
29/12/2014,1.27657597
30/12/2014,1.27993505
31/12/2014,1.2880646
01/01/2015,1.28889469
02/01/2015,1.27707888
03/01/2015,1.27707888
04/01/2015,1.27953574
05/01/2015,1.278074
06/01/2015,1.27480354
07/01/2015,1.27661379
08/01/2015,1.27918697
09/01/2015,1.27819174
10/01/2015,1.2800694
11/01/2015,1.28008095
12/01/2015,1.28228539
13/01/2015,1.28793592
14/01/2015,1.29270249
15/01/2015,1.30453745
16/01/2015,1.31000821
17/01/2015,1.31000821
18/01/2015,1.30942025
19/01/2015,1.30127896
20/01/2015,1.3117711
21/01/2015,1.30376369
22/01/2015,1.32288209
23/01/2015,1.33757262
24/01/2015,1.33757262
25/01/2015,1.34624176
26/01/2015,1.34099011
27/01/2015,1.33600602
28/01/2015,1.34183706
29/01/2015,1.33027782
30/01/2015,1.33509164
31/01/2015,1.33509164
01/02/2015,1.33401723
02/02/2015,1.3251583
03/02/2015,1.32147237
04/02/2015,1.3410073
05/02/2015,1.33574953
06/02/2015,1.34631116
07/02/2015,1.34631116
08/02/2015,1.34659273
09/02/2015,1.3436133
10/02/2015,1.34800566
11/02/2015,1.34767387
12/02/2015,1.34957646
13/02/2015,1.35193345
14/02/2015,1.35193345
15/02/2015,1.35126955
16/02/2015,1.35486661
17/02/2015,1.34630866
18/02/2015,1.35400493
19/02/2015,1.35660774
20/02/2015,1.35249749
21/02/2015,1.35249749
22/02/2015,1.35211701
23/02/2015,1.36348195
24/02/2015,1.36305994
25/02/2015,1.36632949
26/02/2015,1.3759758
27/02/2015,1.37895814
28/02/2015,1.37895814
01/03/2015,1.38030088
02/03/2015,1.37412875
03/03/2015,1.37417841
04/03/2015,1.37759385
05/03/2015,1.38207834
06/03/2015,1.38672989
07/03/2015,1.38672989
08/03/2015,1.38850033
09/03/2015,1.3940731
10/03/2015,1.40810457
11/03/2015,1.41601409
12/03/2015,1.40149653
13/03/2015,1.40470667
14/03/2015,1.40470667
15/03/2015,1.40735619
16/03/2015,1.40226548
17/03/2015,1.3920809
18/03/2015,1.37905804
19/03/2015,1.38345207
20/03/2015,1.38191437
21/03/2015,1.38191437
22/03/2015,1.3804256
23/03/2015,1.36564925
24/03/2015,1.36044022
25/03/2015,1.3574505
26/03/2015,1.36477009
27/03/2015,1.36582379
28/03/2015,1.36582379
29/03/2015,1.36741241
30/03/2015,1.36759484
31/03/2015,1.38089984
01/04/2015,1.37736997
02/04/2015,1.36413649
03/04/2015,1.36952604
04/04/2015,1.36952604
05/04/2015,1.35723572
06/04/2015,1.36183213
07/04/2015,1.36956543
08/04/2015,1.37929637
09/04/2015,1.37964591
10/04/2015,1.38218844
11/04/2015,1.38218844
13/04/2015,1.38719454
14/04/2015,1.38741374
15/04/2015,1.38894561
16/04/2015,1.38719682
17/04/2015,1.38309307
18/04/2015,1.38309307
19/04/2015,1.38459765
20/04/2015,1.3869675
21/04/2015,1.39038711
22/04/2015,1.40220995
23/04/2015,1.39183009
24/04/2015,1.39650598
25/04/2015,1.39650598
26/04/2015,1.3963098
27/04/2015,1.39968739
28/04/2015,1.39794212
29/04/2015,1.38813398
30/04/2015,1.3692
01/05/2015,1.35159184
02/05/2015,1.35159184
03/05/2015,1.35404288
04/05/2015,1.35627732
05/05/2015,1.35670221
06/05/2015,1.34397469
07/05/2015,1.36934987
08/05/2015,1.37605324
09/05/2015,1.37605324
10/05/2015,1.37874364
11/05/2015,1.39781619
12/05/2015,1.39661843
13/05/2015,1.38665025
14/05/2015,1.38323913
15/05/2015,1.38061718
16/05/2015,1.38061718
17/05/2015,1.37521246
18/05/2015,1.38301105
19/05/2015,1.39201947
20/05/2015,1.40004057
21/05/2015,1.40954101
22/05/2015,1.40656796
23/05/2015,1.40656796
24/05/2015,1.40786176
25/05/2015,1.41042991
26/05/2015,1.41384033
27/05/2015,1.40847068
28/05/2015,1.39769348
29/05/2015,1.40224093
30/05/2015,1.40224093
31/05/2015,1.39495227
01/06/2015,1.39155262
02/06/2015,1.37551237
03/06/2015,1.36115805
04/06/2015,1.37056767
05/06/2015,1.3747338
06/06/2015,1.3747338
07/06/2015,1.37490993
08/06/2015,1.36021737
09/06/2015,1.36241739
10/06/2015,1.37032322
11/06/2015,1.379471
12/06/2015,1.38188345
13/06/2015,1.38188345
14/06/2015,1.3866676
15/06/2015,1.3833534
16/06/2015,1.39111173
17/06/2015,1.39433238
18/06/2015,1.396581
19/06/2015,1.39853026
20/06/2015,1.39853026
21/06/2015,1.39679686
22/06/2015,1.39489259
23/06/2015,1.40825922
24/06/2015,1.40180289
25/06/2015,1.40549685
26/06/2015,1.41001159
27/06/2015,1.41001159
28/06/2015,1.43001461
29/06/2015,1.40183968
30/06/2015,1.40864813
01/07/2015,1.4137653
02/07/2015,1.40812747
03/07/2015,1.40102658
04/07/2015,1.40102658
05/07/2015,1.4144731
06/07/2015,1.41196572
07/07/2015,1.40468735
08/07/2015,1.38831799
09/07/2015,1.3897831
10/07/2015,1.39091662
11/07/2015,1.39091662
12/07/2015,1.39406033
13/07/2015,1.40911665
14/07/2015,1.42046235
15/07/2015,1.4284853
16/07/2015,1.43434001
17/07/2015,1.44072073
18/07/2015,1.44072073
19/07/2015,1.44052813
20/07/2015,1.43722887
21/07/2015,1.42227514
22/07/2015,1.42917232
23/07/2015,1.41266166
24/07/2015,1.41325037
25/07/2015,1.41325037
26/07/2015,1.41451749
27/07/2015,1.40333644
28/07/2015,1.41046003
29/07/2015,1.42035564
30/07/2015,1.42622697
31/07/2015,1.41889257
01/08/2015,1.41889257
02/08/2015,1.42434342
03/08/2015,1.42349459
04/08/2015,1.42989831
05/08/2015,1.43110731
06/08/2015,1.42010519
07/08/2015,1.41263679
08/08/2015,1.41263679
09/08/2015,1.41319125
10/08/2015,1.41456787
11/08/2015,1.41152227
12/08/2015,1.39939497
13/08/2015,1.39935
14/08/2015,1.40812766
15/08/2015,1.40812766
16/08/2015,1.41046018
17/08/2015,1.40676212
18/08/2015,1.42018771
19/08/2015,1.41038678
20/08/2015,1.39659091
21/08/2015,1.37816169
22/08/2015,1.37816169
23/08/2015,1.37800106
24/08/2015,1.36100066
25/08/2015,1.35854153
26/08/2015,1.36497719
27/08/2015,1.37019207
28/08/2015,1.37670027
29/08/2015,1.37670027
30/08/2015,1.3749109
31/08/2015,1.36868323
01/09/2015,1.35481844
02/09/2015,1.36493362
03/09/2015,1.37151725
04/09/2015,1.36085996
05/09/2015,1.36085996
06/09/2015,1.36263789
07/09/2015,1.36887241
08/09/2015,1.37412108
09/09/2015,1.36883875
10/09/2015,1.36765866
11/09/2015,1.36109657
12/09/2015,1.36109657
13/09/2015,1.36191255
14/09/2015,1.36421125
15/09/2015,1.36129127
16/09/2015,1.37403296
17/09/2015,1.36549284
18/09/2015,1.37334787
19/09/2015,1.37334787
20/09/2015,1.37530563
21/09/2015,1.38586654
22/09/2015,1.38047753
23/09/2015,1.36302085
24/09/2015,1.36216551
25/09/2015,1.35602346
26/09/2015,1.35602346
27/09/2015,1.35735018
28/09/2015,1.35033329
29/09/2015,1.34668018
30/09/2015,1.3537335
01/10/2015,1.35246374
02/10/2015,1.35396981
03/10/2015,1.35396981
04/10/2015,1.35344133
05/10/2015,1.35365587
06/10/2015,1.35140464
07/10/2015,1.36275752
08/10/2015,1.36027119
09/10/2015,1.34934218
10/10/2015,1.34934218
11/10/2015,1.34755275
12/10/2015,1.35072671
13/10/2015,1.34001674
14/10/2015,1.34884978
15/10/2015,1.36099126
16/10/2015,1.36038439
17/10/2015,1.36038439
18/10/2015,1.35891815
19/10/2015,1.3658074
20/10/2015,1.36058581
21/10/2015,1.35900501
22/10/2015,1.38833252
23/10/2015,1.38997088
24/10/2015,1.38997088
25/10/2015,1.38998438
26/10/2015,1.38822288
27/10/2015,1.3876875
28/10/2015,1.39700798
29/10/2015,1.39348797
30/10/2015,1.40412413
31/10/2015,1.40412413
01/11/2015,1.40249354
02/11/2015,1.39993651
03/11/2015,1.4066235
04/11/2015,1.41625865
05/11/2015,1.39727149
06/11/2015,1.40099651
07/11/2015,1.40099651
08/11/2015,1.40128489
09/11/2015,1.40527002
10/11/2015,1.40934364
11/11/2015,1.41435022
12/11/2015,1.40822934
13/11/2015,1.41443079
14/11/2015,1.41443079
15/11/2015,1.41307956
16/11/2015,1.42241042
17/11/2015,1.42980976
18/11/2015,1.42850247
19/11/2015,1.42524133
20/11/2015,1.42663295
21/11/2015,1.42663295
22/11/2015,1.42639814
23/11/2015,1.42231891
24/11/2015,1.41694625
25/11/2015,1.42353745
26/11/2015,1.42404288
27/11/2015,1.41907033
28/11/2015,1.41907033
29/11/2015,1.41957535
30/11/2015,1.42447972
01/12/2015,1.41902211
02/12/2015,1.40863257
03/12/2015,1.38608268
04/12/2015,1.38847861
05/12/2015,1.38847861
06/12/2015,1.38831287
07/12/2015,1.38916796
08/12/2015,1.37771157
09/12/2015,1.37801937
10/12/2015,1.38474082
11/12/2015,1.38021466
12/12/2015,1.38021466
13/12/2015,1.38243352
14/12/2015,1.37893567
15/12/2015,1.37586999
16/12/2015,1.37727044
17/12/2015,1.37686183
18/12/2015,1.37038757
19/12/2015,1.37038757
20/12/2015,1.37178168
21/12/2015,1.36530993
22/12/2015,1.35361222
23/12/2015,1.36358642
24/12/2015,1.36069152
25/12/2015,1.35192572
26/12/2015,1.35192572
27/12/2015,1.35973789
28/12/2015,1.35743133
29/12/2015,1.35667998
30/12/2015,1.35520657
31/12/2015,1.35809091
01/01/2016,1.36052862
02/01/2016,1.36052862
03/01/2016,1.35679156
04/01/2016,1.35871358
05/01/2016,1.36503262
06/01/2016,1.357365
07/01/2016,1.33891235
08/01/2016,1.32953385
09/01/2016,1.32953385
10/01/2016,1.32985426
11/01/2016,1.33964173
12/01/2016,1.33130593
13/01/2016,1.32352111
14/01/2016,1.32854383
15/01/2016,1.30643764
16/01/2016,1.30643764
17/01/2016,1.30791757
18/01/2016,1.30837318
19/01/2016,1.29994966
20/01/2016,1.30550732
21/01/2016,1.30999126
22/01/2016,1.32120209
23/01/2016,1.32120209
24/01/2016,1.3201232
25/01/2016,1.31259517
26/01/2016,1.32030383
27/01/2016,1.30607928
28/01/2016,1.31304019
29/01/2016,1.31517482
30/01/2016,1.31517482
31/01/2016,1.31520247
01/02/2016,1.32346905
02/02/2016,1.31894628
03/02/2016,1.31550479
04/02/2016,1.30200946
05/02/2016,1.29961052
06/02/2016,1.29961052
07/02/2016,1.30005853
08/02/2016,1.29005275
09/02/2016,1.28165709
10/02/2016,1.28732393
11/02/2016,1.27966772
12/02/2016,1.28867773
13/02/2016,1.28867773
14/02/2016,1.28991698
15/02/2016,1.29411768
16/02/2016,1.28320928
17/02/2016,1.28414791
18/02/2016,1.28994017
19/02/2016,1.29404914
20/02/2016,1.29404914
21/02/2016,1.28116791
22/02/2016,1.28323061
23/02/2016,1.27045174
24/02/2016,1.26475531
25/02/2016,1.26687234
26/02/2016,1.26898107
27/02/2016,1.26898107
28/02/2016,1.26799768
29/02/2016,1.27917346
01/03/2016,1.28347892
02/03/2016,1.29567004
03/03/2016,1.29449677
04/03/2016,1.29402445
05/03/2016,1.29402445
06/03/2016,1.29218706
07/03/2016,1.29439458
08/03/2016,1.29144935
09/03/2016,1.29284256
10/03/2016,1.27788967
11/03/2016,1.26831897
12/03/2016,1.26831897
13/03/2016,1.28883166
14/03/2016,1.28640215
15/03/2016,1.27448918
16/03/2016,1.27036912
17/03/2016,1.27911811
18/03/2016,1.28425658
19/03/2016,1.28425658
20/03/2016,1.28343989
21/03/2016,1.27859564
22/03/2016,1.26713443
23/03/2016,1.26244971
24/03/2016,1.26573068
25/03/2016,1.26583108
26/03/2016,1.26583108
27/03/2016,1.26605
28/03/2016,1.27323457
29/03/2016,1.27413646
30/03/2016,1.26817711
31/03/2016,1.26224686
01/04/2016,1.248914
02/04/2016,1.248914
03/04/2016,1.24822294
04/04/2016,1.25262376
05/04/2016,1.24373959
06/04/2016,1.2396177
07/04/2016,1.23593827
08/04/2016,1.23881784
09/04/2016,1.23881784
10/04/2016,1.23894956
11/04/2016,1.24714779
12/04/2016,1.2532748
13/04/2016,1.25812459
14/04/2016,1.25514738
15/04/2016,1.25881946
16/04/2016,1.25881946
17/04/2016,1.25495029
18/04/2016,1.26315003
19/04/2016,1.26660798
20/04/2016,1.26858086
21/04/2016,1.26852362
22/04/2016,1.28328991
23/04/2016,1.28328991
24/04/2016,1.28617223
25/04/2016,1.28589186
26/04/2016,1.29015981
27/04/2016,1.28344446
28/04/2016,1.2863621
29/04/2016,1.27631697
30/04/2016,1.27631697
01/05/2016,1.27405
02/05/2016,1.2725419
03/05/2016,1.26500893
04/05/2016,1.26203118
05/05/2016,1.27091379
06/05/2016,1.2653339
07/05/2016,1.2653339
08/05/2016,1.26692436
09/05/2016,1.2662655
10/05/2016,1.27029763
11/05/2016,1.2634212
12/05/2016,1.26973463
13/05/2016,1.26980908
14/05/2016,1.26980908
15/05/2016,1.26792743
16/05/2016,1.27642173
17/05/2016,1.27767712
18/05/2016,1.30071309
19/05/2016,1.30311968
20/05/2016,1.29296479
21/05/2016,1.29296479
22/05/2016,1.29125831
23/05/2016,1.29138432
24/05/2016,1.31195407
25/05/2016,1.31745258
26/05/2016,1.31035586
27/05/2016,1.31546054
28/05/2016,1.31546054
29/05/2016,1.31631419
30/05/2016,1.31256735
31/05/2016,1.30084892
01/06/2016,1.28858702
02/06/2016,1.29181251
03/06/2016,1.27705446
04/06/2016,1.27705446
05/06/2016,1.26757116
06/06/2016,1.27227528
07/06/2016,1.28075739
08/06/2016,1.27292265
09/06/2016,1.27869426
10/06/2016,1.26676182
11/06/2016,1.26676182
12/06/2016,1.26261409
13/06/2016,1.25842748
14/06/2016,1.25945502
15/06/2016,1.26041032
16/06/2016,1.26894046
17/06/2016,1.27341271
18/06/2016,1.27341271
19/06/2016,1.28500288
20/06/2016,1.29594578
21/06/2016,1.30356479
22/06/2016,1.30543049
23/06/2016,1.28415
24/06/2016,1.23079795
25/06/2016,1.23079795
26/06/2016,1.21658377
27/06/2016,1.20067196
28/06/2016,1.20582397
29/06/2016,1.20956451
30/06/2016,1.20021623
01/07/2016,1.19163274
02/07/2016,1.19163274
03/07/2016,1.19370069
04/07/2016,1.19152952
05/07/2016,1.17155
06/07/2016,1.16418564
07/07/2016,1.16710203
08/07/2016,1.17189275
09/07/2016,1.17189275
10/07/2016,1.17189557
11/07/2016,1.17411951
12/07/2016,1.20003617
13/07/2016,1.18256799
14/07/2016,1.20232318
15/07/2016,1.19548845
16/07/2016,1.19548845
17/07/2016,1.19638177
18/07/2016,1.19831093
19/07/2016,1.19007949
20/07/2016,1.20203789
21/07/2016,1.1995
22/07/2016,1.19485197
23/07/2016,1.19485197
24/07/2016,1.19649013
25/07/2016,1.19235707
26/07/2016,1.19677803
27/07/2016,1.19542346
28/07/2016,1.18740416
29/07/2016,1.18354313
30/07/2016,1.18354313
31/07/2016,1.1834871
01/08/2016,1.18067522
02/08/2016,1.18892061
03/08/2016,1.19514824
04/08/2016,1.17913861
05/08/2016,1.17885817
06/08/2016,1.17885817
07/08/2016,1.17930912
08/08/2016,1.17568337
09/08/2016,1.17041471
10/08/2016,1.16396964
11/08/2016,1.16324702
12/08/2016,1.15710518
13/08/2016,1.15710518
14/08/2016,1.15625423
15/08/2016,1.15194514
16/08/2016,1.15532306